Unnamed: 0,Player,Tm,Pos,Age,G,Cmp,Att,Yds,Int,Rec,Y/R,Fumbles,FumblesLost,PassingYds,PassingTD,PassingAtt,RushingYds,RushingTD,RushingAtt,ReceivingYds,ReceivingTD,FantasyPoints,Tgt,FlexYds,FlexTDs,avgPassYds,avgRushYds,avgRecYds,avgFlexYds,avgPassTDs,avgRushTDs,avgRecTDs,avgFlexTDs,ydsPerRushAtt,cmpPercentage,ydsPerPassCmp,ydsPerPassAtt,avgRecs,catchPercentage,fantasyPts,avgFantasyPts
0,O.J. Simpson,BUF,RB,26.0,14.0,1.0,2.0,-3.0,0.0,6.0,11.67,7.0,0.0,-3.0,0.0,2.0,2003.0,12.0,332.0,70.0,0.0,271.18,0,2073,12.0,-0.21428571428571427,143.07142857142858,5.0,148.07142857142858,0.0,0.8571428571428571,0.0,0.8571428571428571,6.033132530120483,0.5,-3.0,-1.5,0.42857142857142855,0,282.18,20.15571428571429
1,Harold Carmichael,PHI,WR,24.0,14.0,0.0,0.0,0.0,0.0,67.0,16.66,3.0,0.0,0.0,0.0,0.0,42.0,0.0,3.0,1116.0,9.0,230.8,0,1158,9.0,0.0,3.0,79.71428571428571,82.71428571428571,0.0,0.0,0.6428571428571429,0.6428571428571429,14.0,0.0,0.0,0.0,4.785714285714286,0,203.3,14.521428571428574
2,Harold Jackson,RAM,WR,27.0,14.0,0.0,0.0,0.0,0.0,40.0,21.85,0.0,0.0,0.0,0.0,0.0,-8.0,0.0,2.0,874.0,13.0,204.6,0,866,13.0,0.0,-0.5714285714285714,62.42857142857143,61.85714285714285,0.0,0.0,0.9285714285714286,0.9285714285714286,-4.0,0.0,0.0,0.0,2.8571428571428568,0,184.6,13.185714285714289
3,Floyd Little,DEN,RB,31.0,14.0,0.0,0.0,0.0,0.0,41.0,10.32,3.0,0.0,0.0,0.0,0.0,979.0,12.0,256.0,423.0,1.0,253.2,0,1402,13.0,0.0,69.92857142857143,30.214285714285715,100.14285714285714,0.0,0.8571428571428571,0.07142857142857142,0.9285714285714286,3.82421875,0.0,0.0,0.0,2.9285714285714284,0,238.7,17.05
4,Larry Brown,WAS,RB,26.0,14.0,0.0,0.0,0.0,0.0,40.0,12.05,7.0,0.0,0.0,0.0,0.0,860.0,8.0,273.0,482.0,6.0,244.2,0,1342,14.0,0.0,61.42857142857143,34.42857142857143,95.85714285714286,0.0,0.5714285714285714,0.42857142857142855,1.0,3.15018315018315,0.0,0.0,0.0,2.8571428571428568,0,238.2,17.014285714285712
5,John Gilliam,MIN,WR,28.0,14.0,0.0,0.0,0.0,0.0,42.0,21.6,1.0,0.0,0.0,0.0,0.0,71.0,1.0,5.0,907.0,8.0,191.8,0,978,9.0,0.0,5.071428571428571,64.78571428571429,69.85714285714286,0.0,0.07142857142857142,0.5714285714285714,0.6428571428571429,14.2,0.0,0.0,0.0,3.0,0,172.8,12.342857142857143
6,Roman Gabriel,PHI,QB,33.0,14.0,270.0,460.0,3219.0,12.0,0.0,0.0,10.0,0.0,3219.0,23.0,460.0,10.0,1.0,12.0,0.0,0.0,183.76,0,10,1.0,229.92857142857144,0.7142857142857143,0.0,0.7142857142857143,1.6428571428571428,0.07142857142857142,0.0,0.07142857142857142,0.8333333333333334,0.5869565217391305,11.922222222222222,6.997826086956523,0.0,0,203.76,14.554285714285712
7,Roger Staubach,DAL,QB,31.0,14.0,179.0,286.0,2428.0,15.0,0.0,0.0,5.0,0.0,2428.0,23.0,286.0,250.0,3.0,46.0,0.0,0.0,192.12,0,250,3.0,173.4285714285714,17.857142857142858,0.0,17.857142857142858,1.6428571428571428,0.21428571428571427,0.0,0.21428571428571427,5.434782608695652,0.6258741258741258,13.564245810055866,8.48951048951049,0.0,0,202.12,14.437142857142858
8,Isaac Curtis,CIN,WR,23.0,14.0,0.0,0.0,0.0,0.0,45.0,18.73,0.0,0.0,0.0,0.0,0.0,-11.0,0.0,2.0,843.0,9.0,182.2,0,832,9.0,0.0,-0.7857142857142857,60.214285714285715,59.42857142857143,0.0,0.0,0.6428571428571429,0.6428571428571429,-5.5,0.0,0.0,0.0,3.2142857142857144,0,159.7,11.407142857142857
9,Charle Young,PHI,TE,22.0,14.0,0.0,0.0,0.0,0.0,55.0,15.53,0.0,0.0,0.0,0.0,0.0,24.0,1.0,4.0,854.0,6.0,184.8,0,878,7.0,0.0,1.7142857142857142,61.0,62.714285714285715,0.0,0.07142857142857142,0.42857142857142855,0.5,6.0,0.0,0.0,0.0,3.928571428571429,0,157.3,11.235714285714288
10,Ron Shanklin,PIT,WR,25.0,13.0,0.0,0.0,0.0,0.0,30.0,23.7,1.0,0.0,0.0,0.0,0.0,1.0,0.0,3.0,711.0,10.0,159.2,0,712,10.0,0.0,0.07692307692307693,54.69230769230769,54.769230769230774,0.0,0.0,0.7692307692307693,0.7692307692307693,0.3333333333333333,0.0,0.0,0.0,2.3076923076923075,0,146.2,11.246153846153844
11,Donny Anderson,STL,RB,30.0,14.0,0.0,0.0,0.0,0.0,41.0,9.98,7.0,0.0,0.0,0.0,0.0,679.0,10.0,167.0,409.0,3.0,213.8,0,1088,13.0,0.0,48.5,29.214285714285715,77.71428571428571,0.0,0.7142857142857143,0.21428571428571427,0.9285714285714286,4.065868263473053,0.0,0.0,0.0,2.9285714285714284,0,207.3,14.807142857142859
12,Charley Taylor,WAS,WR,32.0,14.0,0.0,0.0,0.0,0.0,59.0,13.58,1.0,0.0,0.0,0.0,0.0,-7.0,0.0,1.0,801.0,7.0,178.4,0,794,7.0,0.0,-0.5,57.214285714285715,56.714285714285715,0.0,0.0,0.5,0.5,-7.0,0.0,0.0,0.0,4.214285714285714,0,150.89999999999995,10.778571428571427
13,Paul Warfield,MIA,WR,31.0,14.0,0.0,0.0,0.0,0.0,29.0,17.72,1.0,0.0,0.0,0.0,0.0,15.0,0.0,1.0,514.0,11.0,145.9,0,529,11.0,0.0,1.0714285714285714,36.714285714285715,37.785714285714285,0.0,0.0,0.7857142857142857,0.7857142857142857,15.0,0.0,0.0,0.0,2.071428571428572,0,133.4,9.528571428571428
14,Ron Johnson,NYG,RB,26.0,12.0,0.0,0.0,0.0,0.0,32.0,11.78,4.0,0.0,0.0,0.0,0.0,902.0,6.0,260.0,377.0,3.0,205.9,0,1279,9.0,0.0,75.16666666666667,31.41666666666667,106.58333333333331,0.0,0.5,0.25,0.75,3.4692307692307693,0.0,0.0,0.0,2.6666666666666665,0,197.9,16.491666666666667
15,Boobie Clark,CIN,RB,23.0,14.0,0.0,0.0,0.0,0.0,45.0,7.71,8.0,0.0,0.0,0.0,0.0,988.0,8.0,254.0,347.0,0.0,210.5,0,1335,8.0,0.0,70.57142857142857,24.785714285714285,95.35714285714286,0.0,0.5714285714285714,0.0,0.5714285714285714,3.8897637795275593,0.0,0.0,0.0,3.2142857142857144,0,204.0,14.571428571428573
16,Jerome Barkum,NYJ,WR,23.0,14.0,0.0,0.0,0.0,0.0,44.0,18.41,0.0,0.0,0.0,0.0,0.0,2.0,0.0,1.0,810.0,6.0,161.2,0,812,6.0,0.0,0.14285714285714285,57.85714285714285,58.0,0.0,0.0,0.42857142857142855,0.42857142857142855,2.0,0.0,0.0,0.0,3.1428571428571432,0,139.2,9.94285714285714
17,Riley Odoms,DEN,TE,23.0,14.0,0.0,0.0,0.0,0.0,43.0,14.63,1.0,0.0,0.0,0.0,0.0,53.0,0.0,5.0,629.0,7.0,151.20000000000005,0,682,7.0,0.0,3.7857142857142856,44.92857142857143,48.714285714285715,0.0,0.0,0.5,0.5,10.6,0.0,0.0,0.0,3.071428571428572,0,131.7,9.407142857142855
18,Calvin Hill,DAL,RB,26.0,14.0,0.0,1.0,0.0,0.0,32.0,9.06,7.0,0.0,0.0,0.0,1.0,1142.0,6.0,273.0,290.0,0.0,197.2,0,1432,6.0,0.0,81.57142857142857,20.714285714285715,102.28571428571428,0.0,0.42857142857142855,0.0,0.42857142857142855,4.183150183150183,0.0,0.0,0.0,2.2857142857142856,0,195.2,13.942857142857141
19,Essex Johnson,CIN,RB,27.0,14.0,0.0,0.0,0.0,0.0,28.0,12.71,7.0,0.0,0.0,0.0,0.0,997.0,4.0,195.0,356.0,3.0,191.3,0,1353,7.0,0.0,71.21428571428571,25.42857142857143,96.64285714285714,0.0,0.2857142857142857,0.21428571428571427,0.5,5.1128205128205115,0.0,0.0,0.0,2.0,0,191.3,13.664285714285715
20,Ted Kwalick,SFO,TE,26.0,14.0,0.0,0.0,0.0,0.0,47.0,15.51,1.0,0.0,0.0,0.0,0.0,37.0,0.0,5.0,729.0,5.0,151.6,0,766,5.0,0.0,2.642857142857143,52.07142857142857,54.714285714285715,0.0,0.0,0.35714285714285715,0.35714285714285715,7.4,0.0,0.0,0.0,3.3571428571428568,0,130.10000000000002,9.292857142857144
21,Jim Plunkett,NWE,QB,26.0,14.0,193.0,376.0,2550.0,17.0,0.0,0.0,6.0,0.0,2550.0,13.0,376.0,209.0,5.0,44.0,0.0,0.0,158.9,0,209,5.0,182.14285714285717,14.928571428571427,0.0,14.928571428571427,0.9285714285714286,0.35714285714285715,0.0,0.35714285714285715,4.75,0.5132978723404256,13.212435233160624,6.781914893617022,0.0,0,170.9,12.207142857142856
22,Haven Moses,DEN,WR,27.0,14.0,0.0,0.0,0.0,0.0,28.0,18.5,1.0,0.0,0.0,0.0,0.0,25.0,1.0,3.0,518.0,8.0,134.3,0,543,9.0,0.0,1.7857142857142858,37.0,38.785714285714285,0.0,0.07142857142857142,0.5714285714285714,0.6428571428571429,8.333333333333334,0.0,0.0,0.0,2.0,0,122.3,8.735714285714286
23,Lawrence McCutcheon,RAM,RB,23.0,12.0,0.0,0.0,0.0,0.0,30.0,9.63,4.0,0.0,0.0,0.0,0.0,1097.0,2.0,210.0,289.0,3.0,190.6,0,1386,5.0,0.0,91.41666666666669,24.08333333333333,115.5,0.0,0.16666666666666666,0.25,0.4166666666666667,5.223809523809524,0.0,0.0,0.0,2.5,0,183.6,15.3
24,Bob Tucker,NYG,TE,28.0,14.0,0.0,0.0,0.0,0.0,50.0,13.62,2.0,0.0,0.0,0.0,0.0,4.0,0.0,1.0,681.0,5.0,144.5,0,685,5.0,0.0,0.2857142857142857,48.64285714285714,48.92857142857143,0.0,0.0,0.35714285714285715,0.35714285714285715,4.0,0.0,0.0,0.0,3.571428571428572,0,123.5,8.821428571428571
25,Ken Burrow,ATL,WR,25.0,9.0,0.0,0.0,0.0,0.0,31.0,18.29,1.0,0.0,0.0,0.0,0.0,17.0,0.0,2.0,567.0,7.0,129.39999999999998,0,584,7.0,0.0,1.8888888888888888,63.0,64.8888888888889,0.0,0.0,0.7777777777777778,0.7777777777777778,8.5,0.0,0.0,0.0,3.4444444444444446,0,115.9,12.877777777777776
26,Mercury Morris,MIA,RB,26.0,13.0,0.0,0.0,0.0,0.0,4.0,12.75,3.0,0.0,0.0,0.0,0.0,954.0,10.0,149.0,51.0,0.0,158.5,0,1005,10.0,0.0,73.38461538461539,3.9230769230769234,77.30769230769229,0.0,0.7692307692307693,0.0,0.7692307692307693,6.402684563758389,0.0,0.0,0.0,0.3076923076923077,0,162.5,12.5
27,Tom Sullivan,PHI,RB,23.0,13.0,0.0,0.0,0.0,0.0,50.0,6.44,6.0,0.0,0.0,0.0,0.0,968.0,4.0,217.0,322.0,1.0,197.0,0,1290,5.0,0.0,74.46153846153847,24.76923076923077,99.23076923076924,0.0,0.3076923076923077,0.07692307692307693,0.38461538461538464,4.460829493087559,0.0,0.0,0.0,3.8461538461538463,0,184.0,14.153846153846152
28,Fran Tarkenton,MIN,QB,33.0,14.0,169.0,274.0,2113.0,7.0,0.0,0.0,5.0,0.0,2113.0,15.0,274.0,202.0,1.0,41.0,0.0,0.0,146.71999999999997,0,202,1.0,150.92857142857142,14.428571428571427,0.0,14.428571428571427,1.0714285714285714,0.07142857142857142,0.0,0.07142857142857142,4.926829268292684,0.6167883211678832,12.502958579881653,7.711678832116787,0.0,0,156.72,11.194285714285712
29,Dave Hampton,ATL,RB,26.0,14.0,0.0,0.0,0.0,0.0,25.0,10.92,7.0,0.0,0.0,0.0,0.0,997.0,4.0,263.0,273.0,1.0,168.0,0,1270,5.0,0.0,71.21428571428571,19.5,90.71428571428572,0.0,0.2857142857142857,0.07142857142857142,0.35714285714285715,3.7908745247148286,0.0,0.0,0.0,1.7857142857142858,0,169.5,12.107142857142858
30,Mel Gray,STL,WR,25.0,12.0,0.0,0.0,0.0,0.0,29.0,17.69,0.0,0.0,0.0,0.0,0.0,0.0,0.0,0.0,513.0,7.0,122.3,0,513,7.0,0.0,0.0,42.75,42.75,0.0,0.0,0.5833333333333334,0.5833333333333334,0.0,0.0,0.0,0.0,2.4166666666666665,0,107.8,8.983333333333333
31,Ken Anderson,CIN,QB,24.0,14.0,179.0,329.0,2428.0,12.0,0.0,0.0,5.0,0.0,2428.0,18.0,329.0,97.0,0.0,26.0,0.0,0.0,144.82,0,97,0.0,173.4285714285714,6.928571428571429,0.0,6.928571428571429,1.2857142857142858,0.0,0.0,0.0,3.7307692307692313,0.5440729483282675,13.564245810055866,7.379939209726444,0.0,0,154.82,11.058571428571426
32,Glenn Doughty,BAL,WR,26.0,14.0,0.0,0.0,0.0,0.0,25.0,23.48,0.0,0.0,0.0,0.0,0.0,96.0,0.0,10.0,587.0,4.0,117.3,0,683,4.0,0.0,6.857142857142858,41.92857142857143,48.78571428571429,0.0,0.0,0.2857142857142857,0.2857142857142857,9.6,0.0,0.0,0.0,1.7857142857142858,0,104.8,7.485714285714287
33,Mike Siani,OAK,WR,23.0,14.0,0.0,0.0,0.0,0.0,45.0,16.49,1.0,0.0,0.0,0.0,0.0,0.0,0.0,0.0,742.0,3.0,135.2,0,742,3.0,0.0,0.0,53.0,53.0,0.0,0.0,0.21428571428571427,0.21428571428571427,0.0,0.0,0.0,0.0,3.2142857142857144,0,114.7,8.192857142857143
34,Reggie Rucker,NWE,WR,26.0,14.0,0.0,0.0,0.0,0.0,53.0,14.02,2.0,0.0,0.0,0.0,0.0,-1.0,0.0,2.0,743.0,3.0,141.20000000000005,0,742,3.0,0.0,-0.07142857142857142,53.07142857142857,53.0,0.0,0.0,0.21428571428571427,0.21428571428571427,-0.5,0.0,0.0,0.0,3.7857142857142856,0,118.7,8.47857142857143
35,Fred Biletnikoff,OAK,WR,30.0,14.0,0.0,0.0,0.0,0.0,48.0,13.75,0.0,0.0,0.0,0.0,0.0,0.0,0.0,0.0,660.0,4.0,138.0,0,660,4.0,0.0,0.0,47.14285714285714,47.14285714285714,0.0,0.0,0.2857142857142857,0.2857142857142857,0.0,0.0,0.0,0.0,3.4285714285714284,0,114.0,8.142857142857142
36,Chuck Foreman,MIN,RB,23.0,12.0,0.0,0.0,0.0,0.0,37.0,9.78,6.0,0.0,0.0,0.0,0.0,801.0,4.0,182.0,362.0,2.0,177.3,0,1163,6.0,0.0,66.75,30.16666666666667,96.91666666666669,0.0,0.3333333333333333,0.16666666666666666,0.5,4.4010989010989015,0.0,0.0,0.0,3.083333333333333,0,170.8,14.233333333333334
37,Rich Caster,NYJ,TE,25.0,14.0,0.0,0.0,0.0,0.0,35.0,16.94,1.0,0.0,0.0,0.0,0.0,-9.0,0.0,1.0,593.0,4.0,115.4,0,584,4.0,0.0,-0.6428571428571429,42.357142857142854,41.714285714285715,0.0,0.0,0.2857142857142857,0.2857142857142857,-9.0,0.0,0.0,0.0,2.5,0,99.9,7.135714285714287
38,John Hadl,RAM,QB,33.0,14.0,135.0,258.0,2008.0,11.0,0.0,0.0,1.0,0.0,2008.0,22.0,258.0,5.0,0.0,14.0,0.0,0.0,144.82,0,5,0.0,143.42857142857142,0.35714285714285715,0.0,0.35714285714285715,1.5714285714285714,0.0,0.0,0.0,0.35714285714285715,0.5232558139534884,14.874074074074073,7.782945736434107,0.0,0,146.82,10.487142857142855
39,Charley Johnson,DEN,QB,35.0,14.0,184.0,346.0,2465.0,17.0,0.0,0.0,5.0,0.0,2465.0,20.0,346.0,-2.0,0.0,7.0,0.0,0.0,134.4,0,-2,0.0,176.0714285714286,-0.14285714285714285,0.0,-0.14285714285714285,1.4285714285714286,0.0,0.0,0.0,-0.2857142857142857,0.5317919075144508,13.396739130434785,7.124277456647398,0.0,0,144.39999999999995,10.314285714285713
40,John Brockington,GNB,RB,25.0,14.0,0.0,1.0,0.0,0.0,16.0,8.0,4.0,0.0,0.0,0.0,1.0,1144.0,3.0,265.0,128.0,0.0,153.20000000000005,0,1272,3.0,0.0,81.71428571428571,9.142857142857142,90.85714285714286,0.0,0.21428571428571427,0.0,0.21428571428571427,4.316981132075472,0.0,0.0,0.0,1.1428571428571428,0,153.2,10.942857142857141
41,Bob Trumpy,CIN,TE,28.0,14.0,0.0,0.0,0.0,0.0,29.0,15.0,0.0,0.0,0.0,0.0,0.0,0.0,0.0,0.0,435.0,5.0,102.5,0,435,5.0,0.0,0.0,31.07142857142857,31.07142857142857,0.0,0.0,0.35714285714285715,0.35714285714285715,0.0,0.0,0.0,0.0,2.071428571428572,0,88.0,6.2857142857142865
42,Ken Burrough,HOU,WR,25.0,14.0,0.0,0.0,0.0,0.0,43.0,13.42,2.0,0.0,0.0,0.0,0.0,38.0,1.0,5.0,577.0,2.0,118.5,0,615,3.0,0.0,2.7142857142857144,41.214285714285715,43.92857142857143,0.0,0.07142857142857142,0.14285714285714285,0.21428571428571427,7.6,0.0,0.0,0.0,3.071428571428572,0,101.0,7.2142857142857135
43,Otis Taylor,KAN,WR,31.0,14.0,0.0,0.0,0.0,0.0,34.0,16.62,2.0,0.0,0.0,0.0,0.0,-14.0,0.0,4.0,565.0,4.0,109.1,0,551,4.0,0.0,-1.0,40.357142857142854,39.357142857142854,0.0,0.0,0.2857142857142857,0.2857142857142857,-3.5,0.0,0.0,0.0,2.4285714285714284,0,96.1,6.864285714285713
44,Jim Bertelsen,RAM,RB,23.0,14.0,0.0,0.0,0.0,0.0,19.0,14.05,4.0,0.0,0.0,0.0,0.0,854.0,4.0,206.0,267.0,1.0,153.10000000000005,0,1121,5.0,0.0,61.0,19.071428571428573,80.07142857142857,0.0,0.2857142857142857,0.07142857142857142,0.35714285714285715,4.145631067961165,0.0,0.0,0.0,1.3571428571428572,0,151.60000000000005,10.828571428571431
45,Otto Stowe,DAL,WR,24.0,7.0,0.0,0.0,0.0,0.0,23.0,16.91,0.0,0.0,0.0,0.0,0.0,28.0,0.0,3.0,389.0,6.0,100.7,0,417,6.0,0.0,4.0,55.57142857142857,59.57142857142857,0.0,0.0,0.8571428571428571,0.8571428571428571,9.333333333333334,0.0,0.0,0.0,3.2857142857142856,0,89.19999999999997,12.742857142857142
46,Billy Joe DuPree,DAL,TE,23.0,14.0,0.0,0.0,0.0,0.0,29.0,13.52,0.0,0.0,0.0,0.0,0.0,2.0,0.0,2.0,392.0,5.0,98.4,0,394,5.0,0.0,0.14285714285714285,28.0,28.142857142857146,0.0,0.0,0.35714285714285715,0.35714285714285715,1.0,0.0,0.0,0.0,2.071428571428572,0,83.9,5.992857142857143
47,Jerry LeVias,SDG,WR,27.0,14.0,0.0,0.0,0.0,0.0,30.0,17.87,0.0,0.0,0.0,0.0,0.0,33.0,0.0,2.0,536.0,3.0,104.9,0,569,3.0,0.0,2.357142857142857,38.285714285714285,40.642857142857146,0.0,0.0,0.21428571428571427,0.21428571428571427,16.5,0.0,0.0,0.0,2.142857142857143,0,89.9,6.421428571428572
48,Marv Hubbard,OAK,RB,27.0,14.0,0.0,0.0,0.0,0.0,15.0,7.73,6.0,0.0,0.0,0.0,0.0,903.0,6.0,193.0,116.0,0.0,140.9,0,1019,6.0,0.0,64.5,8.285714285714286,72.78571428571429,0.0,0.42857142857142855,0.0,0.42857142857142855,4.6787564766839385,0.0,0.0,0.0,1.0714285714285714,0,145.39999999999995,10.385714285714283
49,Bob Newland,NOR,WR,25.0,14.0,0.0,0.0,0.0,0.0,29.0,16.86,0.0,0.0,0.0,0.0,0.0,6.0,0.0,1.0,489.0,4.0,102.5,0,495,4.0,0.0,0.42857142857142855,34.92857142857143,35.357142857142854,0.0,0.0,0.2857142857142857,0.2857142857142857,6.0,0.0,0.0,0.0,2.071428571428572,0,88.0,6.2857142857142865
50,Mike Phipps,CLE,QB,26.0,14.0,148.0,299.0,1719.0,20.0,0.0,0.0,8.0,0.0,1719.0,9.0,299.0,395.0,5.0,60.0,0.0,0.0,118.26,0,395,5.0,122.78571428571428,28.214285714285715,0.0,28.214285714285715,0.6428571428571429,0.35714285714285715,0.0,0.35714285714285715,6.583333333333332,0.4949832775919733,11.614864864864865,5.749163879598662,0.0,0,134.26,9.59
51,Gene Washington,SFO,WR,26.0,13.0,0.0,0.0,0.0,0.0,37.0,16.38,1.0,0.0,0.0,0.0,0.0,0.0,0.0,0.0,606.0,2.0,107.6,0,606,2.0,0.0,0.0,46.615384615384606,46.615384615384606,0.0,0.0,0.15384615384615385,0.15384615384615385,0.0,0.0,0.0,0.0,2.8461538461538463,0,91.1,7.007692307692308
52,Ed Podolak,KAN,RB,26.0,14.0,0.0,1.0,0.0,0.0,55.0,8.09,7.0,0.0,0.0,0.0,1.0,721.0,3.0,210.0,445.0,0.0,175.6,0,1166,3.0,0.0,51.5,31.785714285714285,83.28571428571429,0.0,0.21428571428571427,0.0,0.21428571428571427,3.433333333333333,0.0,0.0,0.0,3.928571428571429,0,162.1,11.578571428571427
53,Larry Walton,DET,WR,26.0,13.0,0.0,0.0,0.0,0.0,22.0,14.05,0.0,0.0,0.0,0.0,0.0,100.0,1.0,5.0,309.0,4.0,92.9,0,409,5.0,0.0,7.6923076923076925,23.76923076923077,31.461538461538463,0.0,0.07692307692307693,0.3076923076923077,0.38461538461538464,20.0,0.0,0.0,0.0,1.6923076923076923,0,81.9,6.300000000000002
54,Jackie Smith,STL,TE,33.0,14.0,0.0,0.0,0.0,0.0,41.0,14.63,1.0,0.0,0.0,0.0,0.0,-14.0,0.0,1.0,600.0,1.0,103.6,0,586,1.0,0.0,-1.0,42.857142857142854,41.857142857142854,0.0,0.0,0.07142857142857142,0.07142857142857142,-14.0,0.0,0.0,0.0,2.9285714285714284,0,85.1,6.078571428571428
55,Bob Grim,NYG,WR,28.0,14.0,0.0,0.0,0.0,0.0,37.0,16.03,1.0,0.0,0.0,0.0,0.0,-10.0,0.0,1.0,593.0,2.0,105.3,0,583,2.0,0.0,-0.7142857142857143,42.357142857142854,41.642857142857146,0.0,0.0,0.14285714285714285,0.14285714285714285,-10.0,0.0,0.0,0.0,2.642857142857143,0,88.8,6.342857142857143
56,Bobby Douglass,CHI,QB,26.0,13.0,81.0,174.0,1057.0,7.0,0.0,0.0,7.0,0.0,1057.0,5.0,174.0,525.0,5.0,94.0,0.0,0.0,116.78,0,525,5.0,81.30769230769229,40.384615384615394,0.0,40.384615384615394,0.38461538461538464,0.38461538461538464,0.0,0.38461538461538464,5.585106382978723,0.4655172413793103,13.049382716049385,6.074712643678161,0.0,0,130.78,10.06
57,Larry Csonka,MIA,RB,27.0,14.0,0.0,0.0,0.0,0.0,7.0,3.14,3.0,0.0,0.0,0.0,0.0,1003.0,5.0,219.0,22.0,0.0,133.5,0,1025,5.0,0.0,71.64285714285714,1.5714285714285714,73.21428571428571,0.0,0.35714285714285715,0.0,0.35714285714285715,4.579908675799087,0.0,0.0,0.0,0.5,0,136.0,9.714285714285714
58,Jubilee Dunbar,NOR,WR,24.0,14.0,0.0,0.0,0.0,0.0,23.0,19.43,1.0,0.0,0.0,0.0,0.0,3.0,0.0,3.0,447.0,4.0,90.0,0,450,4.0,0.0,0.21428571428571427,31.92857142857143,32.142857142857146,0.0,0.0,0.2857142857142857,0.2857142857142857,1.0,0.0,0.0,0.0,1.6428571428571428,0,80.5,5.75
59,Emerson Boozer,NYJ,RB,30.0,13.0,0.0,0.0,0.0,0.0,22.0,5.91,6.0,0.0,0.0,0.0,0.0,831.0,3.0,182.0,130.0,3.0,142.1,0,961,6.0,0.0,63.92307692307693,10.0,73.92307692307692,0.0,0.2307692307692308,0.2307692307692308,0.4615384615384616,4.565934065934067,0.0,0.0,0.0,1.6923076923076923,0,143.1,11.007692307692306
60,Jon Staggers,GNB,WR,25.0,14.0,0.0,0.0,0.0,0.0,25.0,16.48,1.0,0.0,0.0,0.0,0.0,33.0,1.0,4.0,412.0,3.0,91.5,0,445,4.0,0.0,2.357142857142857,29.42857142857143,31.785714285714285,0.0,0.07142857142857142,0.21428571428571427,0.2857142857142857,8.25,0.0,0.0,0.0,1.7857142857142858,0,81.0,5.7857142857142865
61,Bob Moore,OAK,TE,24.0,14.0,0.0,0.0,0.0,0.0,34.0,11.03,0.0,0.0,0.0,0.0,0.0,0.0,0.0,0.0,375.0,4.0,95.5,0,375,4.0,0.0,0.0,26.785714285714285,26.785714285714285,0.0,0.0,0.2857142857142857,0.2857142857142857,0.0,0.0,0.0,0.0,2.4285714285714284,0,78.5,5.607142857142856
62,Jim Hart,STL,QB,29.0,12.0,178.0,320.0,2223.0,10.0,0.0,0.0,2.0,0.0,2223.0,15.0,320.0,-3.0,0.0,3.0,0.0,0.0,124.62,0,-3,0.0,185.25,-0.25,0.0,-0.25,1.25,0.0,0.0,0.0,-1.0,0.55625,12.48876404494382,6.946875,0.0,0,128.62,10.718333333333334
63,Roy Jefferson,WAS,WR,30.0,14.0,0.0,0.0,0.0,0.0,41.0,14.51,0.0,0.0,0.0,0.0,0.0,1.0,0.0,1.0,595.0,1.0,106.6,0,596,1.0,0.0,0.07142857142857142,42.5,42.57142857142857,0.0,0.0,0.07142857142857142,0.07142857142857142,1.0,0.0,0.0,0.0,2.9285714285714284,0,86.1,6.15
64,Eddie Ray,ATL,RB,26.0,14.0,0.0,0.0,0.0,0.0,19.0,10.11,8.0,0.0,0.0,0.0,0.0,434.0,9.0,96.0,192.0,2.0,131.6,0,626,11.0,0.0,31.0,13.714285714285715,44.714285714285715,0.0,0.6428571428571429,0.14285714285714285,0.7857142857142857,4.520833333333333,0.0,0.0,0.0,1.3571428571428572,0,138.1,9.864285714285714
65,Bob Windsor,NWE,TE,31.0,13.0,0.0,0.0,0.0,0.0,23.0,15.13,2.0,0.0,0.0,0.0,0.0,-6.0,0.0,1.0,348.0,4.0,77.2,0,342,4.0,0.0,-0.4615384615384616,26.76923076923077,26.30769230769231,0.0,0.0,0.3076923076923077,0.3076923076923077,-6.0,0.0,0.0,0.0,1.7692307692307692,0,69.69999999999999,5.36153846153846
66,Ken Stabler,OAK,QB,28.0,14.0,163.0,260.0,1997.0,10.0,0.0,0.0,5.0,0.0,1997.0,14.0,260.0,101.0,0.0,21.0,0.0,0.0,115.98,0,101,0.0,142.64285714285714,7.2142857142857135,0.0,7.2142857142857135,1.0,0.0,0.0,0.0,4.809523809523808,0.6269230769230769,12.251533742331288,7.680769230769231,0.0,0,125.98,8.998571428571427
67,Billy Parks,HOU,WR,25.0,14.0,0.0,0.0,0.0,0.0,43.0,13.51,1.0,0.0,0.0,0.0,0.0,0.0,0.0,0.0,581.0,1.0,105.1,0,581,1.0,0.0,0.0,41.5,41.5,0.0,0.0,0.07142857142857142,0.07142857142857142,0.0,0.0,0.0,0.0,3.071428571428572,0,85.6,6.114285714285713
68,Don Herrmann,NYG,WR,26.0,14.0,0.0,0.0,0.0,0.0,43.0,12.09,1.0,0.0,0.0,0.0,0.0,0.0,0.0,0.0,520.0,2.0,105.0,0,520,2.0,0.0,0.0,37.142857142857146,37.142857142857146,0.0,0.0,0.14285714285714285,0.14285714285714285,0.0,0.0,0.0,0.0,3.071428571428572,0,85.5,6.107142857142858
69,Altie Taylor,DET,RB,26.0,13.0,0.0,0.0,0.0,0.0,27.0,9.33,5.0,0.0,0.0,0.0,0.0,719.0,5.0,176.0,252.0,0.0,144.10000000000005,0,971,5.0,0.0,55.30769230769231,19.384615384615387,74.69230769230771,0.0,0.38461538461538464,0.0,0.38461538461538464,4.0852272727272725,0.0,0.0,0.0,2.0769230769230766,0,140.60000000000002,10.815384615384616
70,Ron Jessie,DET,WR,25.0,14.0,0.0,0.0,0.0,0.0,20.0,18.2,1.0,0.0,0.0,0.0,0.0,31.0,1.0,5.0,364.0,3.0,81.5,0,395,4.0,0.0,2.2142857142857144,26.0,28.214285714285715,0.0,0.07142857142857142,0.21428571428571427,0.2857142857142857,6.2,0.0,0.0,0.0,1.4285714285714286,0,73.5,5.25
71,Vic Washington,SFO,RB,27.0,13.0,0.0,0.0,0.0,0.0,33.0,7.21,9.0,0.0,0.0,0.0,0.0,534.0,8.0,151.0,238.0,0.0,140.2,0,772,8.0,0.0,41.07692307692308,18.30769230769231,59.384615384615394,0.0,0.6153846153846154,0.0,0.6153846153846154,3.5364238410596025,0.0,0.0,0.0,2.5384615384615383,0,141.7,10.9
72,Fred Willis,HOU,RB,26.0,14.0,0.0,1.0,0.0,0.0,57.0,6.51,5.0,0.0,0.0,0.0,1.0,579.0,4.0,171.0,371.0,1.0,172.0,0,950,5.0,0.0,41.357142857142854,26.5,67.85714285714286,0.0,0.2857142857142857,0.07142857142857142,0.35714285714285715,3.3859649122807016,0.0,0.0,0.0,4.071428571428571,0,153.5,10.964285714285712
73,Tom Mitchell,BAL,TE,29.0,13.0,0.0,0.0,0.0,0.0,25.0,12.52,0.0,0.0,0.0,0.0,0.0,0.0,0.0,0.0,313.0,4.0,80.3,0,313,4.0,0.0,0.0,24.07692307692308,24.07692307692308,0.0,0.0,0.3076923076923077,0.3076923076923077,0.0,0.0,0.0,0.0,1.9230769230769231,0,67.8,5.215384615384616
74,Archie Manning,NOR,QB,24.0,13.0,140.0,267.0,1642.0,12.0,0.0,0.0,9.0,0.0,1642.0,10.0,267.0,293.0,2.0,63.0,0.0,0.0,104.98,0,293,2.0,126.30769230769229,22.538461538461537,0.0,22.538461538461537,0.7692307692307693,0.15384615384615385,0.0,0.15384615384615385,4.650793650793651,0.5243445692883895,11.728571428571426,6.149812734082397,0.0,0,122.98000000000002,9.46
75,Charlie Sanders,DET,TE,27.0,14.0,0.0,0.0,0.0,0.0,28.0,15.46,1.0,0.0,0.0,0.0,0.0,-1.0,0.0,1.0,433.0,2.0,81.2,0,432,2.0,0.0,-0.07142857142857142,30.92857142857143,30.857142857142854,0.0,0.0,0.14285714285714285,0.14285714285714285,-1.0,0.0,0.0,0.0,2.0,0,69.19999999999999,4.942857142857141
76,Carl Garrett,CHI,RB,26.0,13.0,0.0,1.0,0.0,0.0,23.0,12.7,13.0,0.0,0.0,0.0,1.0,655.0,5.0,175.0,292.0,0.0,121.7,0,947,5.0,0.0,50.384615384615394,22.461538461538463,72.84615384615384,0.0,0.38461538461538464,0.0,0.38461538461538464,3.7428571428571433,0.0,0.0,0.0,1.7692307692307692,0,136.2,10.476923076923075
77,Cotton Speyrer,BAL,WR,24.0,14.0,1.0,1.0,54.0,0.0,17.0,18.29,0.0,0.0,54.0,1.0,1.0,1.0,0.0,1.0,311.0,4.0,78.36,0,312,4.0,3.8571428571428568,0.07142857142857142,22.214285714285715,22.285714285714285,0.07142857142857142,0.0,0.2857142857142857,0.2857142857142857,1.0,1.0,54.0,54.0,1.2142857142857142,0,69.86,4.99
78,Charlie Smith,OAK,RB,27.0,14.0,0.0,0.0,0.0,0.0,28.0,9.29,4.0,0.0,0.0,0.0,0.0,682.0,4.0,173.0,260.0,1.0,144.2,0,942,5.0,0.0,48.714285714285715,18.571428571428573,67.28571428571429,0.0,0.2857142857142857,0.07142857142857142,0.35714285714285715,3.942196531791907,0.0,0.0,0.0,2.0,0,138.2,9.87142857142857
79,Lydell Mitchell,BAL,RB,24.0,14.0,0.0,0.0,0.0,0.0,17.0,6.65,2.0,0.0,0.0,0.0,0.0,963.0,2.0,253.0,113.0,0.0,132.6,0,1076,2.0,0.0,68.78571428571429,8.071428571428571,76.85714285714286,0.0,0.14285714285714285,0.0,0.14285714285714285,3.806324110671937,0.0,0.0,0.0,1.2142857142857142,0,128.1,9.15
80,Walt Garrison,DAL,RB,29.0,13.0,0.0,1.0,0.0,0.0,26.0,10.5,3.0,0.0,0.0,0.0,1.0,440.0,6.0,105.0,273.0,2.0,139.3,0,713,8.0,0.0,33.846153846153854,21.0,54.846153846153854,0.0,0.4615384615384616,0.15384615384615385,0.6153846153846154,4.190476190476192,0.0,0.0,0.0,2.0,0,132.3,10.176923076923078
81,Joe Dawkins,DEN,RB,25.0,14.0,0.0,0.0,0.0,0.0,30.0,10.97,4.0,0.0,0.0,0.0,0.0,706.0,2.0,160.0,329.0,0.0,137.5,0,1035,2.0,0.0,50.42857142857143,23.5,73.92857142857143,0.0,0.14285714285714285,0.0,0.14285714285714285,4.4125,0.0,0.0,0.0,2.142857142857143,0,130.5,9.321428571428571
82,Bob Griese,MIA,QB,28.0,13.0,116.0,218.0,1422.0,8.0,0.0,0.0,5.0,0.0,1422.0,17.0,218.0,20.0,0.0,13.0,0.0,0.0,100.88,0,20,0.0,109.3846153846154,1.5384615384615383,0.0,1.5384615384615383,1.3076923076923077,0.0,0.0,0.0,1.5384615384615383,0.5321100917431193,12.258620689655173,6.522935779816514,0.0,0,110.88,8.529230769230768
83,Norm Bulaich,PHI,RB,27.0,14.0,0.0,0.0,0.0,0.0,42.0,9.6,8.0,0.0,0.0,0.0,0.0,436.0,1.0,106.0,403.0,3.0,133.9,0,839,4.0,0.0,31.142857142857146,28.785714285714285,59.92857142857143,0.0,0.07142857142857142,0.21428571428571427,0.2857142857142857,4.113207547169812,0.0,0.0,0.0,3.0,0,128.9,9.207142857142856
84,Terry Metcalf,STL,RB,22.0,12.0,0.0,0.0,0.0,0.0,37.0,8.54,9.0,0.0,0.0,0.0,0.0,628.0,2.0,148.0,316.0,0.0,125.39999999999998,0,944,2.0,0.0,52.33333333333334,26.33333333333333,78.66666666666667,0.0,0.16666666666666666,0.0,0.16666666666666666,4.243243243243243,0.0,0.0,0.0,3.083333333333333,0,124.9,10.408333333333333
85,Billy Kilmer,WAS,QB,34.0,10.0,122.0,227.0,1656.0,9.0,0.0,0.0,6.0,0.0,1656.0,14.0,227.0,10.0,0.0,9.0,0.0,0.0,93.24,0,10,0.0,165.6,1.0,0.0,1.0,1.4,0.0,0.0,0.0,1.1111111111111112,0.5374449339207048,13.573770491803279,7.295154185022026,0.0,0,105.24,10.524000000000001
86,Bob Lee,ATL,QB,27.0,12.0,120.0,230.0,1786.0,8.0,0.0,0.0,6.0,0.0,1786.0,10.0,230.0,67.0,0.0,29.0,0.0,0.0,90.14,0,67,0.0,148.83333333333334,5.583333333333332,0.0,5.583333333333332,0.8333333333333334,0.0,0.0,0.0,2.3103448275862073,0.5217391304347826,14.883333333333333,7.765217391304348,0.0,0,102.14,8.511666666666667
87,Charlie Harraway,WAS,RB,29.0,14.0,0.0,0.0,0.0,0.0,32.0,9.09,6.0,0.0,0.0,0.0,0.0,452.0,1.0,128.0,291.0,3.0,118.3,0,743,4.0,0.0,32.285714285714285,20.785714285714285,53.07142857142857,0.0,0.07142857142857142,0.21428571428571427,0.2857142857142857,3.53125,0.0,0.0,0.0,2.2857142857142856,0,114.3,8.164285714285715
88,Preston Pearson,PIT,RB,28.0,14.0,0.0,0.0,0.0,0.0,11.0,15.73,2.0,0.0,0.0,0.0,0.0,554.0,2.0,132.0,173.0,2.0,103.7,0,727,4.0,0.0,39.57142857142857,12.357142857142858,51.92857142857143,0.0,0.14285714285714285,0.14285714285714285,0.2857142857142857,4.196969696969697,0.0,0.0,0.0,0.7857142857142857,0,102.2,7.3
89,Sam Cunningham,NWE,RB,23.0,14.0,0.0,0.0,0.0,0.0,15.0,9.6,10.0,0.0,0.0,0.0,0.0,516.0,4.0,155.0,144.0,1.0,91.0,0,660,5.0,0.0,36.857142857142854,10.285714285714286,47.14285714285714,0.0,0.2857142857142857,0.07142857142857142,0.35714285714285715,3.329032258064516,0.0,0.0,0.0,1.0714285714285714,0,103.5,7.392857142857142
90,Franco Harris,PIT,RB,23.0,12.0,0.0,0.0,0.0,0.0,10.0,6.9,8.0,0.0,0.0,0.0,0.0,698.0,3.0,188.0,69.0,0.0,88.69999999999996,0,767,3.0,0.0,58.16666666666666,5.75,63.91666666666666,0.0,0.25,0.0,0.25,3.7127659574468086,0.0,0.0,0.0,0.8333333333333334,0,99.7,8.308333333333334
91,MacArthur Lane,GNB,RB,31.0,13.0,1.0,2.0,23.0,0.0,27.0,9.44,4.0,0.0,23.0,1.0,2.0,528.0,1.0,170.0,255.0,1.0,114.22,0,783,2.0,1.7692307692307692,40.615384615384606,19.615384615384613,60.230769230769226,0.07692307692307693,0.07692307692307693,0.07692307692307693,0.15384615384615385,3.1058823529411765,0.5,23.0,11.5,2.0769230769230766,0,108.72,8.363076923076923
92,Clarence Davis,OAK,RB,24.0,14.0,0.0,0.0,0.0,0.0,7.0,10.86,5.0,0.0,0.0,0.0,0.0,609.0,4.0,116.0,76.0,0.0,89.5,0,685,4.0,0.0,43.5,5.428571428571429,48.92857142857143,0.0,0.2857142857142857,0.0,0.2857142857142857,5.25,0.0,0.0,0.0,0.5,0,96.0,6.857142857142858
93,Terry Bradshaw,PIT,QB,25.0,10.0,89.0,180.0,1183.0,15.0,0.0,0.0,3.0,0.0,1183.0,10.0,180.0,145.0,3.0,34.0,0.0,0.0,83.82,0,145,3.0,118.3,14.5,0.0,14.5,1.0,0.3,0.0,0.3,4.264705882352942,0.4944444444444445,13.292134831460675,6.572222222222222,0.0,0,89.82,8.982000000000001
94,John Riggins,NYJ,RB,24.0,11.0,0.0,0.0,0.0,0.0,23.0,6.87,6.0,0.0,0.0,0.0,0.0,482.0,4.0,134.0,158.0,0.0,99.0,0,640,4.0,0.0,43.81818181818182,14.363636363636365,58.18181818181818,0.0,0.3636363636363637,0.0,0.3636363636363637,3.5970149253731343,0.0,0.0,0.0,2.090909090909091,0,99.5,9.045454545454543
95,Robert Holmes,SDG,RB,28.0,13.0,0.0,0.0,0.0,0.0,19.0,7.95,5.0,0.0,0.0,0.0,0.0,289.0,7.0,78.0,151.0,0.0,95.0,0,440,7.0,0.0,22.23076923076923,11.615384615384615,33.846153846153854,0.0,0.5384615384615384,0.0,0.5384615384615384,3.705128205128205,0.0,0.0,0.0,1.4615384615384617,0,95.5,7.346153846153847
96,Jim Braxton,BUF,RB,24.0,6.0,0.0,0.0,0.0,0.0,6.0,16.83,2.0,0.0,0.0,0.0,0.0,494.0,4.0,108.0,101.0,0.0,85.5,0,595,4.0,0.0,82.33333333333333,16.833333333333332,99.16666666666669,0.0,0.6666666666666666,0.0,0.6666666666666666,4.574074074074074,0.0,0.0,0.0,1.0,0,86.5,14.416666666666664
97,Cid Edwards,SDG,RB,30.0,13.0,0.0,0.0,0.0,0.0,25.0,6.56,3.0,0.0,0.0,0.0,0.0,609.0,1.0,133.0,164.0,0.0,102.3,0,773,1.0,0.0,46.846153846153854,12.615384615384615,59.46153846153846,0.0,0.07692307692307693,0.0,0.07692307692307693,4.578947368421051,0.0,0.0,0.0,1.9230769230769231,0,95.8,7.369230769230769
98,Jess Phillips,NOR,RB,26.0,14.0,0.0,0.0,0.0,0.0,22.0,7.68,3.0,0.0,0.0,0.0,0.0,663.0,0.0,198.0,169.0,0.0,99.2,0,832,0.0,0.0,47.35714285714285,12.071428571428573,59.42857142857143,0.0,0.0,0.0,0.0,3.3484848484848486,0.0,0.0,0.0,1.5714285714285714,0,94.2,6.728571428571428
99,Bob Gresham,HOU,RB,25.0,13.0,0.0,0.0,0.0,0.0,28.0,8.71,5.0,0.0,0.0,0.0,0.0,400.0,2.0,104.0,244.0,1.0,100.4,0,644,3.0,0.0,30.76923076923077,18.76923076923077,49.53846153846154,0.0,0.15384615384615385,0.07692307692307693,0.2307692307692308,3.8461538461538463,0.0,0.0,0.0,2.1538461538461537,0,96.4,7.415384615384616
100,Don McCauley,BAL,RB,24.0,13.0,0.0,0.0,0.0,0.0,25.0,7.44,3.0,0.0,0.0,0.0,0.0,514.0,2.0,144.0,186.0,0.0,101.0,0,700,2.0,0.0,39.53846153846154,14.307692307692307,53.846153846153854,0.0,0.15384615384615385,0.0,0.15384615384615385,3.5694444444444446,0.0,0.0,0.0,1.9230769230769231,0,94.5,7.269230769230768
101,Marty Domres,BAL,QB,26.0,11.0,93.0,191.0,1153.0,13.0,0.0,0.0,3.0,0.0,1153.0,9.0,191.0,126.0,2.0,32.0,0.0,0.0,74.72,0,126,2.0,104.8181818181818,11.454545454545455,0.0,11.454545454545455,0.8181818181818182,0.18181818181818185,0.0,0.18181818181818185,3.9375,0.4869109947643979,12.397849462365592,6.036649214659686,0.0,0,80.72,7.338181818181818
102,Steve Owens,DET,RB,26.0,12.0,0.0,0.0,0.0,0.0,24.0,9.67,2.0,0.0,0.0,0.0,0.0,401.0,3.0,113.0,232.0,0.0,101.3,0,633,3.0,0.0,33.416666666666664,19.33333333333333,52.75,0.0,0.25,0.0,0.25,3.5486725663716814,0.0,0.0,0.0,2.0,0,93.3,7.774999999999999
103,Mel Farr,DET,RB,29.0,11.0,0.0,0.0,0.0,0.0,26.0,7.04,3.0,0.0,0.0,0.0,0.0,373.0,4.0,97.0,183.0,0.0,99.6,0,556,4.0,0.0,33.90909090909091,16.636363636363637,50.54545454545455,0.0,0.3636363636363637,0.0,0.3636363636363637,3.845360824742268,0.0,0.0,0.0,2.363636363636364,0,92.6,8.418181818181818
104,Greg Pruitt,CLE,RB,22.0,13.0,0.0,1.0,0.0,0.0,9.0,12.22,7.0,0.0,0.0,0.0,1.0,369.0,4.0,61.0,110.0,1.0,72.9,0,479,5.0,0.0,28.384615384615387,8.461538461538463,36.846153846153854,0.0,0.3076923076923077,0.07692307692307693,0.38461538461538464,6.049180327868853,0.0,0.0,0.0,0.6923076923076923,0,82.4,6.338461538461538
105,Tony Baker,RAM,RB,28.0,14.0,0.0,0.0,0.0,0.0,0.0,0.0,0.0,0.0,0.0,0.0,0.0,344.0,7.0,85.0,0.0,0.0,76.4,0,344,7.0,0.0,24.57142857142857,0.0,24.57142857142857,0.0,0.5,0.0,0.5,4.0470588235294125,0.0,0.0,0.0,0.0,0,76.4,5.457142857142856
106,Al Woodall,NYJ,QB,28.0,9.0,101.0,201.0,1228.0,8.0,0.0,0.0,1.0,0.0,1228.0,9.0,201.0,68.0,0.0,13.0,0.0,0.0,73.92,0,68,0.0,136.44444444444446,7.5555555555555545,0.0,7.5555555555555545,1.0,0.0,0.0,0.0,5.230769230769232,0.5024875621890548,12.15841584158416,6.109452736318407,0.0,0,75.91999999999999,8.435555555555553
107,Jim Harrison,CHI,RB,25.0,13.0,0.0,0.0,0.0,0.0,21.0,9.52,2.0,0.0,0.0,0.0,0.0,370.0,1.0,100.0,200.0,2.0,92.0,0,570,3.0,0.0,28.461538461538463,15.384615384615385,43.846153846153854,0.0,0.07692307692307693,0.15384615384615385,0.2307692307692308,3.7,0.0,0.0,0.0,1.6153846153846154,0,85.5,6.5769230769230775
108,Leroy Kelly,CLE,RB,31.0,13.0,0.0,0.0,0.0,0.0,15.0,12.0,3.0,0.0,0.0,0.0,0.0,389.0,3.0,132.0,180.0,0.0,83.9,0,569,3.0,0.0,29.923076923076927,13.846153846153848,43.769230769230774,0.0,0.2307692307692308,0.0,0.2307692307692308,2.946969696969697,0.0,0.0,0.0,1.1538461538461535,0,82.4,6.338461538461538
109,Ed Marinaro,MIN,RB,23.0,13.0,0.0,0.0,0.0,0.0,26.0,7.54,3.0,0.0,0.0,0.0,0.0,302.0,2.0,95.0,196.0,2.0,93.8,0,498,4.0,0.0,23.23076923076923,15.076923076923075,38.307692307692314,0.0,0.15384615384615385,0.15384615384615385,0.3076923076923077,3.1789473684210527,0.0,0.0,0.0,2.0,0,86.8,6.676923076923076
110,John Fuqua,PIT,RB,27.0,11.0,0.0,0.0,0.0,0.0,17.0,8.82,3.0,0.0,0.0,0.0,0.0,457.0,2.0,117.0,150.0,0.0,83.7,0,607,2.0,0.0,41.54545454545455,13.636363636363635,55.18181818181818,0.0,0.18181818181818185,0.0,0.18181818181818185,3.9059829059829063,0.0,0.0,0.0,1.5454545454545454,0,81.2,7.381818181818183
111,Ken Brown,CLE,RB,28.0,14.0,0.0,0.0,0.0,0.0,22.0,8.5,5.0,0.0,0.0,0.0,0.0,537.0,0.0,161.0,187.0,0.0,84.4,0,724,0.0,0.0,38.357142857142854,13.357142857142858,51.714285714285715,0.0,0.0,0.0,0.0,3.3354037267080745,0.0,0.0,0.0,1.5714285714285714,0,83.4,5.957142857142857
112,Randy Johnson,NYG,QB,29.0,9.0,99.0,177.0,1279.0,8.0,0.0,0.0,2.0,0.0,1279.0,7.0,177.0,24.0,1.0,4.0,0.0,0.0,67.56,0,24,1.0,142.11111111111111,2.6666666666666665,0.0,2.6666666666666665,0.7777777777777778,0.1111111111111111,0.0,0.1111111111111111,6.0,0.559322033898305,12.91919191919192,7.2259887005649714,0.0,0,71.56,7.951111111111111
113,Oscar Reed,MIN,RB,29.0,12.0,0.0,0.0,0.0,0.0,19.0,6.42,2.0,0.0,0.0,0.0,0.0,401.0,3.0,100.0,122.0,0.0,85.3,0,523,3.0,0.0,33.416666666666664,10.166666666666666,43.58333333333334,0.0,0.25,0.0,0.25,4.01,0.0,0.0,0.0,1.5833333333333333,0,79.8,6.65
114,Art Malone,ATL,RB,25.0,10.0,0.0,0.0,0.0,0.0,19.0,9.32,2.0,0.0,0.0,0.0,0.0,336.0,2.0,76.0,177.0,1.0,84.30000000000003,0,513,3.0,0.0,33.6,17.7,51.3,0.0,0.2,0.1,0.3,4.421052631578949,0.0,0.0,0.0,1.9,0,78.8,7.88
115,Mike Livingston,KAN,QB,28.0,8.0,75.0,145.0,916.0,7.0,0.0,0.0,4.0,0.0,916.0,6.0,145.0,94.0,2.0,19.0,0.0,0.0,60.03999999999999,0,94,2.0,114.5,11.75,0.0,11.75,0.75,0.25,0.0,0.25,4.947368421052632,0.5172413793103449,12.213333333333333,6.317241379310344,0.0,0,68.03999999999999,8.504999999999999
116,Bill Munson,DET,QB,32.0,10.0,95.0,187.0,1129.0,8.0,0.0,0.0,3.0,0.0,1129.0,9.0,187.0,33.0,0.0,10.0,0.0,0.0,62.46,0,33,0.0,112.9,3.3,0.0,3.3,0.9,0.0,0.0,0.0,3.3,0.5080213903743316,11.884210526315787,6.037433155080214,0.0,0,68.46,6.845999999999999
117,Larry Watkins,BUF,RB,27.0,14.0,0.0,0.0,0.0,0.0,12.0,7.17,3.0,0.0,0.0,0.0,0.0,414.0,2.0,98.0,86.0,1.0,74.0,0,500,3.0,0.0,29.57142857142857,6.142857142857142,35.714285714285715,0.0,0.14285714285714285,0.07142857142857142,0.21428571428571427,4.224489795918367,0.0,0.0,0.0,0.8571428571428571,0,74.0,5.285714285714286
118,Greg Landry,DET,QB,27.0,7.0,70.0,128.0,908.0,10.0,0.0,0.0,2.0,0.0,908.0,3.0,128.0,267.0,2.0,42.0,0.0,0.0,63.02,0,267,2.0,129.71428571428572,38.142857142857146,0.0,38.142857142857146,0.42857142857142855,0.2857142857142857,0.0,0.2857142857142857,6.357142857142858,0.546875,12.971428571428573,7.09375,0.0,0,67.02,9.574285714285713
119,Bill Butler,NOR,RB,23.0,13.0,0.0,0.0,0.0,0.0,19.0,6.58,5.0,0.0,0.0,0.0,0.0,348.0,1.0,87.0,125.0,2.0,74.3,0,473,3.0,0.0,26.76923076923077,9.615384615384617,36.384615384615394,0.0,0.07692307692307693,0.15384615384615385,0.2307692307692308,4.0,0.0,0.0,0.0,1.4615384615384617,0,74.8,5.753846153846153
120,Mike Garrett,SDG,RB,29.0,10.0,0.0,1.0,0.0,0.0,15.0,8.27,6.0,0.0,0.0,0.0,1.0,467.0,0.0,114.0,124.0,1.0,68.1,0,591,1.0,0.0,46.7,12.4,59.1,0.0,0.0,0.1,0.1,4.096491228070176,0.0,0.0,0.0,1.5,0,72.6,7.26
121,Ken Willard,SFO,RB,30.0,14.0,0.0,0.0,0.0,0.0,22.0,7.27,2.0,0.0,0.0,0.0,0.0,366.0,1.0,83.0,160.0,1.0,82.6,0,526,2.0,0.0,26.142857142857146,11.428571428571427,37.57142857142857,0.0,0.07142857142857142,0.07142857142857142,0.14285714285714285,4.409638554216867,0.0,0.0,0.0,1.5714285714285714,0,75.6,5.4
122,Robert Newhouse,DAL,RB,23.0,14.0,0.0,0.0,0.0,0.0,9.0,9.67,3.0,0.0,0.0,0.0,0.0,436.0,1.0,84.0,87.0,1.0,67.3,0,523,2.0,0.0,31.142857142857146,6.2142857142857135,37.357142857142854,0.0,0.07142857142857142,0.07142857142857142,0.14285714285714285,5.190476190476192,0.0,0.0,0.0,0.6428571428571429,0,68.8,4.914285714285714
123,Bob Chandler,BUF,WR,24.0,14.0,0.0,1.0,0.0,0.0,30.0,14.23,2.0,0.0,0.0,0.0,1.0,-14.0,0.0,5.0,427.0,3.0,85.3,0,413,3.0,0.0,-1.0,30.5,29.5,0.0,0.0,0.21428571428571427,0.21428571428571427,-2.8,0.0,0.0,0.0,2.142857142857143,0,74.30000000000003,5.307142857142859
124,Wendell Hayes,KAN,RB,33.0,13.0,0.0,0.0,0.0,0.0,18.0,7.44,2.0,0.0,0.0,0.0,0.0,352.0,2.0,95.0,134.0,0.0,74.6,0,486,2.0,0.0,27.07692307692308,10.307692307692307,37.384615384615394,0.0,0.15384615384615385,0.0,0.15384615384615385,3.7052631578947364,0.0,0.0,0.0,1.3846153846153846,0,69.6,5.3538461538461535
125,John Tarver,NWE,RB,24.0,9.0,0.0,0.0,0.0,0.0,9.0,5.67,8.0,0.0,0.0,0.0,0.0,321.0,4.0,72.0,51.0,0.0,54.2,0,372,4.0,0.0,35.666666666666664,5.666666666666668,41.333333333333336,0.0,0.4444444444444444,0.0,0.4444444444444444,4.458333333333333,0.0,0.0,0.0,1.0,0,65.7,7.300000000000002
126,Willie Ellison,KAN,RB,28.0,10.0,0.0,0.0,0.0,0.0,9.0,7.11,3.0,0.0,0.0,0.0,0.0,411.0,2.0,108.0,64.0,0.0,62.5,0,475,2.0,0.0,41.1,6.4,47.5,0.0,0.2,0.0,0.2,3.8055555555555554,0.0,0.0,0.0,0.9,0,64.0,6.4
127,Joe Ferguson,BUF,QB,23.0,14.0,73.0,164.0,939.0,10.0,1.0,-3.0,7.0,0.0,939.0,4.0,164.0,147.0,2.0,48.0,-3.0,0.0,46.96000000000001,0,144,2.0,67.07142857142857,10.5,-0.21428571428571427,10.285714285714286,0.2857142857142857,0.14285714285714285,0.0,0.14285714285714285,3.0625,0.4451219512195122,12.863013698630136,5.725609756097561,0.07142857142857142,0,60.46000000000001,4.3185714285714285
128,Frank Lewis,PIT,WR,26.0,9.0,0.0,0.0,0.0,0.0,23.0,17.78,0.0,0.0,0.0,0.0,0.0,-1.0,0.0,1.0,409.0,3.0,81.80000000000003,0,408,3.0,0.0,-0.1111111111111111,45.444444444444436,45.33333333333334,0.0,0.0,0.3333333333333333,0.3333333333333333,-1.0,0.0,0.0,0.0,2.555555555555556,0,70.3,7.811111111111112
129,Ahmad Rashad,STL,WR,24.0,13.0,0.0,0.0,0.0,0.0,30.0,13.63,0.0,0.0,0.0,0.0,0.0,0.0,0.0,0.0,409.0,3.0,88.9,0,409,3.0,0.0,0.0,31.461538461538463,31.461538461538463,0.0,0.0,0.2307692307692308,0.2307692307692308,0.0,0.0,0.0,0.0,2.3076923076923075,0,73.9,5.684615384615384
130,Earl Thomas,CHI,WR,25.0,14.0,0.0,1.0,0.0,1.0,24.0,14.29,1.0,0.0,0.0,0.0,1.0,5.0,0.0,1.0,343.0,4.0,78.8,0,348,4.0,0.0,0.35714285714285715,24.5,24.857142857142854,0.0,0.0,0.2857142857142857,0.2857142857142857,5.0,0.0,0.0,0.0,1.7142857142857142,0,68.8,4.914285714285714
131,Marlin Briscoe,MIA,WR,28.0,14.0,0.0,0.0,0.0,0.0,30.0,14.9,0.0,0.0,0.0,0.0,0.0,-5.0,0.0,2.0,447.0,2.0,86.2,0,442,2.0,0.0,-0.35714285714285715,31.92857142857143,31.57142857142857,0.0,0.0,0.14285714285714285,0.14285714285714285,-2.5,0.0,0.0,0.0,2.142857142857143,0,71.2,5.085714285714286
132,Frank Pitts,CLE,WR,30.0,13.0,0.0,0.0,0.0,0.0,31.0,10.23,1.0,0.0,0.0,0.0,0.0,0.0,0.0,0.0,317.0,4.0,84.7,0,317,4.0,0.0,0.0,24.384615384615387,24.384615384615387,0.0,0.0,0.3076923076923077,0.3076923076923077,0.0,0.0,0.0,0.0,2.3846153846153846,0,71.2,5.476923076923077
133,Joe Profit,2TM,RB,24.0,11.0,0.0,0.0,0.0,0.0,11.0,9.82,6.0,0.0,0.0,0.0,0.0,329.0,2.0,90.0,108.0,0.0,54.7,0,437,2.0,0.0,29.90909090909091,9.818181818181818,39.72727272727273,0.0,0.18181818181818185,0.0,0.18181818181818185,3.655555555555555,0.0,0.0,0.0,1.0,0,61.2,5.563636363636364
134,Dan Pastorini,HOU,QB,24.0,14.0,154.0,290.0,1482.0,17.0,0.0,0.0,17.0,0.0,1482.0,5.0,290.0,102.0,0.0,31.0,0.0,0.0,21.480000000000004,0,102,0.0,105.85714285714286,7.2857142857142865,0.0,7.2857142857142865,0.35714285714285715,0.0,0.0,0.0,3.290322580645161,0.5310344827586206,9.623376623376624,5.110344827586207,0.0,0,55.48,3.962857142857143
135,Bob Hayes,DAL,WR,31.0,13.0,0.0,0.0,0.0,0.0,22.0,16.36,0.0,0.0,0.0,0.0,0.0,0.0,0.0,0.0,360.0,3.0,76.0,0,360,3.0,0.0,0.0,27.69230769230769,27.69230769230769,0.0,0.0,0.2307692307692308,0.2307692307692308,0.0,0.0,0.0,0.0,1.6923076923076923,0,65.0,5.0
136,Jim Mandich,MIA,TE,25.0,14.0,0.0,0.0,0.0,0.0,24.0,12.58,0.0,0.0,0.0,0.0,0.0,0.0,0.0,0.0,302.0,4.0,78.2,0,302,4.0,0.0,0.0,21.571428571428577,21.571428571428577,0.0,0.0,0.2857142857142857,0.2857142857142857,0.0,0.0,0.0,0.0,1.7142857142857142,0,66.2,4.728571428571429
137,Danny Abramowicz,2TM,WR,28.0,14.0,0.0,0.0,0.0,0.0,37.0,12.43,0.0,0.0,0.0,0.0,0.0,0.0,0.0,0.0,460.0,1.0,89.0,0,460,1.0,0.0,0.0,32.857142857142854,32.857142857142854,0.0,0.0,0.07142857142857142,0.07142857142857142,0.0,0.0,0.0,0.0,2.642857142857143,0,70.5,5.035714285714286
138,Steve Spurrier,SFO,QB,28.0,11.0,83.0,157.0,882.0,7.0,0.0,0.0,3.0,0.0,882.0,4.0,157.0,32.0,2.0,9.0,0.0,0.0,46.48,0,32,2.0,80.18181818181819,2.9090909090909087,0.0,2.9090909090909087,0.3636363636363637,0.18181818181818185,0.0,0.18181818181818185,3.555555555555556,0.5286624203821656,10.626506024096386,5.617834394904459,0.0,0,52.48,4.7709090909090905
139,Darryl Stingley,NWE,WR,22.0,14.0,0.0,0.0,0.0,0.0,23.0,14.74,1.0,0.0,0.0,0.0,0.0,64.0,0.0,6.0,339.0,2.0,73.30000000000003,0,403,2.0,0.0,4.571428571428571,24.214285714285715,28.785714285714285,0.0,0.0,0.14285714285714285,0.14285714285714285,10.666666666666666,0.0,0.0,0.0,1.6428571428571428,0,63.8,4.557142857142857
140,Sonny Jurgensen,WAS,QB,39.0,14.0,87.0,145.0,904.0,5.0,1.0,-3.0,1.0,0.0,904.0,6.0,145.0,7.0,0.0,3.0,-3.0,0.0,49.56,0,4,0.0,64.57142857142857,0.5,-0.21428571428571427,0.2857142857142857,0.42857142857142855,0.0,0.0,0.0,2.333333333333333,0.6,10.39080459770115,6.23448275862069,0.07142857142857142,0,51.06,3.647142857142857
141,Drew Pearson,DAL,WR,22.0,14.0,0.0,0.0,0.0,0.0,22.0,17.64,1.0,0.0,0.0,0.0,0.0,0.0,0.0,0.0,388.0,2.0,70.8,0,388,2.0,0.0,0.0,27.714285714285715,27.714285714285715,0.0,0.0,0.14285714285714285,0.14285714285714285,0.0,0.0,0.0,0.0,1.5714285714285714,0,61.8,4.414285714285714
142,Barry Pearson,PIT,WR,23.0,14.0,0.0,0.0,0.0,0.0,23.0,13.78,1.0,0.0,0.0,0.0,0.0,0.0,0.0,0.0,317.0,3.0,70.7,0,317,3.0,0.0,0.0,22.642857142857146,22.642857142857146,0.0,0.0,0.21428571428571427,0.21428571428571427,0.0,0.0,0.0,0.0,1.6428571428571428,0,61.2,4.371428571428572
143,Larry Smith,RAM,RB,26.0,14.0,2.0,2.0,31.0,0.0,10.0,6.5,0.0,0.0,31.0,0.0,2.0,291.0,2.0,79.0,65.0,0.0,58.84,0,356,2.0,2.2142857142857144,20.785714285714285,4.642857142857143,25.42857142857143,0.0,0.14285714285714285,0.0,0.14285714285714285,3.683544303797469,1.0,15.5,15.5,0.7142857142857143,0,53.84,3.845714285714286
144,Steve Davis,PIT,RB,25.0,14.0,0.0,0.0,0.0,0.0,7.0,4.43,3.0,0.0,0.0,0.0,0.0,266.0,2.0,67.0,31.0,1.0,48.7,0,297,3.0,0.0,19.0,2.2142857142857144,21.214285714285715,0.0,0.14285714285714285,0.07142857142857142,0.21428571428571427,3.970149253731343,0.0,0.0,0.0,0.5,0,51.2,3.6571428571428575
145,Terry Hanratty,PIT,QB,25.0,9.0,31.0,69.0,643.0,5.0,0.0,0.0,4.0,0.0,643.0,8.0,69.0,0.0,0.0,3.0,0.0,0.0,39.72,0,0,0.0,71.44444444444444,0.0,0.0,0.0,0.8888888888888888,0.0,0.0,0.0,0.0,0.4492753623188406,20.741935483870968,9.318840579710145,0.0,0,47.72,5.3022222222222215
146,Milt Morin,CLE,TE,31.0,14.0,0.0,0.0,0.0,0.0,26.0,16.04,0.0,0.0,0.0,0.0,0.0,0.0,0.0,0.0,417.0,1.0,73.7,0,417,1.0,0.0,0.0,29.785714285714285,29.785714285714285,0.0,0.0,0.07142857142857142,0.07142857142857142,0.0,0.0,0.0,0.0,1.8571428571428568,0,60.7,4.335714285714286
147,Jimmy Thomas,SFO,RB,26.0,11.0,0.0,0.0,0.0,0.0,19.0,8.26,2.0,0.0,0.0,0.0,0.0,259.0,1.0,56.0,157.0,0.0,62.6,0,416,1.0,0.0,23.54545454545455,14.272727272727273,37.81818181818182,0.0,0.09090909090909093,0.0,0.09090909090909093,4.625,0.0,0.0,0.0,1.7272727272727273,0,57.1,5.1909090909090905
148,Cliff Branch,OAK,WR,25.0,13.0,0.0,0.0,0.0,0.0,19.0,15.26,0.0,0.0,0.0,0.0,0.0,0.0,0.0,0.0,290.0,3.0,66.0,0,290,3.0,0.0,0.0,22.30769230769231,22.30769230769231,0.0,0.0,0.2307692307692308,0.2307692307692308,0.0,0.0,0.0,0.0,1.4615384615384617,0,56.5,4.346153846153847
149,Bill Brown,MIN,RB,35.0,14.0,0.0,0.0,0.0,0.0,5.0,4.4,2.0,0.0,0.0,0.0,0.0,206.0,3.0,47.0,22.0,1.0,47.8,0,228,4.0,0.0,14.714285714285715,1.5714285714285714,16.285714285714285,0.0,0.21428571428571427,0.07142857142857142,0.2857142857142857,4.382978723404255,0.0,0.0,0.0,0.35714285714285715,0,49.3,3.521428571428572
150,Jim Kiick,MIA,RB,27.0,14.0,0.0,0.0,0.0,0.0,27.0,7.7,3.0,0.0,0.0,0.0,0.0,257.0,0.0,76.0,208.0,0.0,67.5,0,465,0.0,0.0,18.357142857142858,14.857142857142858,33.214285714285715,0.0,0.0,0.0,0.0,3.381578947368421,0.0,0.0,0.0,1.9285714285714288,0,60.0,4.285714285714286
151,Vince Clements,NYG,RB,24.0,12.0,0.0,0.0,0.0,0.0,15.0,8.6,0.0,0.0,0.0,0.0,0.0,214.0,1.0,57.0,129.0,1.0,61.3,0,343,2.0,0.0,17.833333333333332,10.75,28.58333333333333,0.0,0.08333333333333333,0.08333333333333333,0.16666666666666666,3.754385964912281,0.0,0.0,0.0,1.25,0,53.8,4.483333333333333
152,Dan Fouts,SDG,QB,22.0,10.0,87.0,194.0,1126.0,13.0,0.0,0.0,2.0,0.0,1126.0,6.0,194.0,32.0,0.0,7.0,0.0,0.0,42.24,0,32,0.0,112.6,3.2,0.0,3.2,0.6,0.0,0.0,0.0,4.571428571428571,0.4484536082474227,12.942528735632186,5.804123711340206,0.0,0,46.24000000000001,4.6240000000000006
153,Joe Namath,NYJ,QB,30.0,6.0,68.0,133.0,966.0,6.0,0.0,0.0,1.0,0.0,966.0,5.0,133.0,-2.0,0.0,1.0,0.0,0.0,44.44,0,-2,0.0,161.0,-0.3333333333333333,0.0,-0.3333333333333333,0.8333333333333334,0.0,0.0,0.0,-2.0,0.5112781954887218,14.205882352941178,7.263157894736842,0.0,0,46.44,7.739999999999998
154,Mack Alston,HOU,TE,26.0,14.0,0.0,0.0,0.0,0.0,19.0,10.26,0.0,0.0,0.0,0.0,0.0,13.0,0.0,1.0,195.0,4.0,63.8,0,208,4.0,0.0,0.9285714285714286,13.928571428571427,14.857142857142858,0.0,0.0,0.2857142857142857,0.2857142857142857,13.0,0.0,0.0,0.0,1.3571428571428572,0,54.3,3.878571428571429
155,Jim Mitchell,ATL,TE,26.0,14.0,0.0,0.0,0.0,0.0,32.0,13.13,0.0,0.0,0.0,0.0,0.0,34.0,0.0,5.0,420.0,0.0,77.4,0,454,0.0,0.0,2.4285714285714284,30.0,32.42857142857143,0.0,0.0,0.0,0.0,6.8,0.0,0.0,0.0,2.2857142857142856,0,61.4,4.385714285714285
156,Johnny Roland,NYG,RB,30.0,7.0,0.0,0.0,0.0,0.0,22.0,8.64,2.0,0.0,0.0,0.0,0.0,142.0,1.0,53.0,190.0,1.0,63.2,0,332,2.0,0.0,20.285714285714285,27.142857142857146,47.42857142857143,0.0,0.14285714285714285,0.14285714285714285,0.2857142857142857,2.679245283018868,0.0,0.0,0.0,3.1428571428571432,0,56.2,8.028571428571428
157,Norm Snead,NYG,QB,34.0,10.0,131.0,235.0,1483.0,22.0,0.0,0.0,2.0,0.0,1483.0,7.0,235.0,13.0,0.0,4.0,0.0,0.0,40.61999999999999,0,13,0.0,148.3,1.3,0.0,1.3,0.7,0.0,0.0,0.0,3.25,0.5574468085106383,11.320610687022901,6.310638297872339,0.0,0,44.62000000000001,4.4620000000000015
158,Randy Vataha,NWE,WR,25.0,14.0,0.0,0.0,0.0,0.0,20.0,17.05,0.0,0.0,0.0,0.0,0.0,-15.0,0.0,2.0,341.0,2.0,64.6,0,326,2.0,0.0,-1.0714285714285714,24.357142857142854,23.285714285714285,0.0,0.0,0.14285714285714285,0.14285714285714285,-7.5,0.0,0.0,0.0,1.4285714285714286,0,54.6,3.9
159,Eddie Bell,NYJ,WR,27.0,13.0,0.0,0.0,0.0,0.0,24.0,13.29,0.0,0.0,0.0,0.0,0.0,0.0,0.0,0.0,319.0,2.0,67.9,0,319,2.0,0.0,0.0,24.538461538461537,24.538461538461537,0.0,0.0,0.15384615384615385,0.15384615384615385,0.0,0.0,0.0,0.0,1.8461538461538465,0,55.9,4.3
160,Stu Voigt,MIN,TE,25.0,13.0,0.0,0.0,0.0,0.0,23.0,13.83,1.0,0.0,0.0,0.0,0.0,2.0,0.0,1.0,318.0,2.0,65.0,0,320,2.0,0.0,0.15384615384615385,24.461538461538463,24.615384615384613,0.0,0.0,0.15384615384615385,0.15384615384615385,2.0,0.0,0.0,0.0,1.7692307692307692,0,55.5,4.269230769230768
161,Josh Ashton,NWE,RB,24.0,12.0,0.0,0.0,0.0,0.0,11.0,10.27,4.0,0.0,0.0,0.0,0.0,305.0,0.0,93.0,113.0,0.0,44.8,0,418,0.0,0.0,25.41666666666667,9.416666666666666,34.833333333333336,0.0,0.0,0.0,0.0,3.2795698924731185,0.0,0.0,0.0,0.9166666666666666,0,47.3,3.9416666666666655
162,Lynn Dickey,HOU,QB,24.0,12.0,71.0,120.0,888.0,10.0,0.0,0.0,5.0,0.0,888.0,6.0,120.0,9.0,0.0,6.0,0.0,0.0,30.42,0,9,0.0,74.0,0.75,0.0,0.75,0.5,0.0,0.0,0.0,1.5,0.5916666666666667,12.507042253521126,7.4,0.0,0,40.42,3.3683333333333336
163,J.D. Hill,BUF,WR,25.0,14.0,0.0,0.0,0.0,0.0,29.0,14.55,2.0,0.0,0.0,0.0,0.0,0.0,0.0,0.0,422.0,0.0,67.2,0,422,0.0,0.0,0.0,30.142857142857146,30.142857142857146,0.0,0.0,0.0,0.0,0.0,0.0,0.0,0.0,2.071428571428572,0,56.7,4.05
164,John Brodie,SFO,QB,38.0,14.0,98.0,194.0,1126.0,12.0,0.0,0.0,0.0,0.0,1126.0,3.0,194.0,16.0,1.0,5.0,0.0,0.0,40.64,0,16,1.0,80.42857142857143,1.1428571428571428,0.0,1.1428571428571428,0.21428571428571427,0.07142857142857142,0.0,0.07142857142857142,3.2,0.5051546391752577,11.489795918367347,5.804123711340206,0.0,0,40.64,2.9028571428571435
165,Gary Garrison,SDG,WR,29.0,7.0,0.0,0.0,0.0,0.0,14.0,20.86,0.0,0.0,0.0,0.0,0.0,0.0,0.0,0.0,292.0,2.0,55.2,0,292,2.0,0.0,0.0,41.714285714285715,41.714285714285715,0.0,0.0,0.2857142857142857,0.2857142857142857,0.0,0.0,0.0,0.0,2.0,0,48.2,6.885714285714287
166,Jerry Tagge,GNB,QB,23.0,7.0,56.0,106.0,720.0,7.0,0.0,0.0,1.0,0.0,720.0,2.0,106.0,62.0,2.0,15.0,0.0,0.0,39.0,0,62,2.0,102.85714285714286,8.857142857142858,0.0,8.857142857142858,0.2857142857142857,0.2857142857142857,0.0,0.2857142857142857,4.133333333333334,0.5283018867924528,12.857142857142858,6.79245283018868,0.0,0,41.0,5.857142857142858
167,John Beasley,2TM,TE,28.0,13.0,0.0,0.0,0.0,0.0,32.0,8.84,0.0,0.0,0.0,0.0,0.0,0.0,0.0,0.0,283.0,2.0,72.3,0,283,2.0,0.0,0.0,21.76923076923077,21.76923076923077,0.0,0.0,0.15384615384615385,0.15384615384615385,0.0,0.0,0.0,0.0,2.4615384615384617,0,56.3,4.330769230769231
168,Bob Klein,RAM,TE,26.0,14.0,0.0,0.0,0.0,0.0,21.0,13.19,0.0,0.0,0.0,0.0,0.0,0.0,0.0,0.0,277.0,2.0,60.7,0,277,2.0,0.0,0.0,19.785714285714285,19.785714285714285,0.0,0.0,0.14285714285714285,0.14285714285714285,0.0,0.0,0.0,0.0,1.5,0,50.2,3.585714285714286
169,Elmo Wright,KAN,WR,24.0,11.0,0.0,0.0,0.0,0.0,16.0,15.75,1.0,0.0,0.0,0.0,0.0,29.0,0.0,5.0,252.0,2.0,54.1,0,281,2.0,0.0,2.636363636363636,22.90909090909091,25.54545454545455,0.0,0.0,0.18181818181818185,0.18181818181818185,5.8,0.0,0.0,0.0,1.4545454545454546,0,48.1,4.372727272727272
170,Don Zimmerman,PHI,WR,24.0,14.0,0.0,0.0,0.0,0.0,22.0,10.0,1.0,0.0,0.0,0.0,0.0,0.0,0.0,0.0,220.0,3.0,60.0,0,220,3.0,0.0,0.0,15.714285714285715,15.714285714285715,0.0,0.0,0.21428571428571427,0.21428571428571427,0.0,0.0,0.0,0.0,1.5714285714285714,0,51.0,3.6428571428571432
171,Jean Fugett,DAL,TE,22.0,12.0,0.0,0.0,0.0,0.0,9.0,18.67,0.0,0.0,0.0,0.0,0.0,34.0,0.0,1.0,168.0,3.0,47.2,0,202,3.0,0.0,2.833333333333333,14.0,16.833333333333332,0.0,0.0,0.25,0.25,34.0,0.0,0.0,0.0,0.75,0,42.7,3.5583333333333336
172,Jack Snow,RAM,WR,30.0,14.0,0.0,0.0,0.0,0.0,16.0,15.75,0.0,0.0,0.0,0.0,0.0,0.0,0.0,0.0,252.0,2.0,53.2,0,252,2.0,0.0,0.0,18.0,18.0,0.0,0.0,0.14285714285714285,0.14285714285714285,0.0,0.0,0.0,0.0,1.1428571428571428,0,45.2,3.2285714285714286
173,Clint Jones,SDG,RB,28.0,12.0,0.0,0.0,0.0,0.0,7.0,17.86,2.0,0.0,0.0,0.0,0.0,170.0,1.0,55.0,125.0,0.0,38.5,0,295,1.0,0.0,14.166666666666664,10.416666666666666,24.58333333333333,0.0,0.08333333333333333,0.0,0.08333333333333333,3.0909090909090913,0.0,0.0,0.0,0.5833333333333334,0,39.0,3.25
174,Barry Smith,GNB,WR,22.0,14.0,0.0,0.0,0.0,0.0,15.0,15.53,0.0,0.0,0.0,0.0,0.0,5.0,0.0,1.0,233.0,2.0,50.8,0,238,2.0,0.0,0.35714285714285715,16.642857142857142,17.0,0.0,0.0,0.14285714285714285,0.14285714285714285,5.0,0.0,0.0,0.0,1.0714285714285714,0,43.3,3.0928571428571425
175,Doug Cunningham,SFO,RB,28.0,14.0,0.0,0.0,0.0,0.0,15.0,7.87,3.0,0.0,0.0,0.0,0.0,165.0,1.0,44.0,118.0,0.0,43.3,0,283,1.0,0.0,11.785714285714285,8.428571428571429,20.214285714285715,0.0,0.07142857142857142,0.0,0.07142857142857142,3.75,0.0,0.0,0.0,1.0714285714285714,0,41.8,2.9857142857142853
176,Don Nottingham,2TM,RB,24.0,14.0,0.0,0.0,0.0,0.0,3.0,8.67,1.0,0.0,0.0,0.0,0.0,252.0,1.0,52.0,26.0,0.0,34.8,0,278,1.0,0.0,18.0,1.8571428571428568,19.857142857142858,0.0,0.07142857142857142,0.0,0.07142857142857142,4.846153846153847,0.0,0.0,0.0,0.21428571428571427,0,35.3,2.521428571428572
177,Morris Stroud,KAN,TE,27.0,14.0,0.0,0.0,0.0,0.0,12.0,18.0,1.0,0.0,0.0,0.0,0.0,0.0,0.0,0.0,216.0,2.0,43.6,0,216,2.0,0.0,0.0,15.428571428571427,15.428571428571427,0.0,0.0,0.14285714285714285,0.14285714285714285,0.0,0.0,0.0,0.0,0.8571428571428571,0,39.6,2.8285714285714287
178,Mike Adamle,NYJ,RB,24.0,14.0,0.0,0.0,0.0,0.0,9.0,7.0,5.0,0.0,0.0,0.0,0.0,264.0,0.0,67.0,63.0,0.0,31.70000000000001,0,327,0.0,0.0,18.857142857142858,4.5,23.357142857142854,0.0,0.0,0.0,0.0,3.9402985074626864,0.0,0.0,0.0,0.6428571428571429,0,37.2,2.657142857142857
179,Po James,PHI,RB,24.0,10.0,0.0,0.0,0.0,0.0,17.0,5.53,1.0,0.0,0.0,0.0,0.0,178.0,1.0,36.0,94.0,0.0,48.2,0,272,1.0,0.0,17.8,9.4,27.2,0.0,0.1,0.0,0.1,4.9444444444444455,0.0,0.0,0.0,1.7,0,41.7,4.17
180,Mike Montgomery,DAL,RB,24.0,9.0,0.0,1.0,0.0,0.0,14.0,11.71,0.0,0.0,0.0,0.0,1.0,-10.0,0.0,1.0,164.0,3.0,47.4,0,154,3.0,0.0,-1.1111111111111112,18.222222222222218,17.11111111111111,0.0,0.0,0.3333333333333333,0.3333333333333333,-10.0,0.0,0.0,0.0,1.5555555555555556,0,40.4,4.488888888888889
181,Gene Washington,DEN,WR,29.0,14.0,0.0,0.0,0.0,0.0,10.0,15.0,0.0,0.0,0.0,0.0,0.0,0.0,0.0,0.0,150.0,3.0,43.0,0,150,3.0,0.0,0.0,10.714285714285714,10.714285714285714,0.0,0.0,0.21428571428571427,0.21428571428571427,0.0,0.0,0.0,0.0,0.7142857142857143,0,38.0,2.7142857142857144
182,Fair Hooker,CLE,WR,26.0,13.0,0.0,0.0,0.0,0.0,18.0,10.89,0.0,0.0,0.0,0.0,0.0,0.0,0.0,0.0,196.0,2.0,49.6,0,196,2.0,0.0,0.0,15.076923076923075,15.076923076923075,0.0,0.0,0.15384615384615385,0.15384615384615385,0.0,0.0,0.0,0.0,1.3846153846153846,0,40.6,3.1230769230769235
183,Rich McGeorge,GNB,TE,25.0,14.0,0.0,0.0,0.0,0.0,16.0,16.25,0.0,0.0,0.0,0.0,0.0,0.0,0.0,0.0,260.0,1.0,48.0,0,260,1.0,0.0,0.0,18.571428571428573,18.571428571428573,0.0,0.0,0.07142857142857142,0.07142857142857142,0.0,0.0,0.0,0.0,1.1428571428571428,0,40.0,2.8571428571428568
184,Paul Robinson,HOU,RB,29.0,11.0,0.0,0.0,0.0,0.0,7.0,6.57,0.0,0.0,0.0,0.0,0.0,151.0,2.0,34.0,46.0,0.0,38.7,0,197,2.0,0.0,13.727272727272727,4.181818181818182,17.90909090909091,0.0,0.18181818181818185,0.0,0.18181818181818185,4.441176470588236,0.0,0.0,0.0,0.6363636363636364,0,35.2,3.2
185,Len Dawson,KAN,QB,38.0,8.0,66.0,101.0,725.0,5.0,0.0,0.0,4.0,0.0,725.0,2.0,101.0,40.0,0.0,6.0,0.0,0.0,23.0,0,40,0.0,90.625,5.0,0.0,5.0,0.25,0.0,0.0,0.0,6.666666666666668,0.6534653465346535,10.984848484848484,7.1782178217821775,0.0,0,31.0,3.875
186,Jeff Kinney,KAN,RB,24.0,14.0,0.0,0.0,0.0,0.0,11.0,11.45,2.0,0.0,0.0,0.0,0.0,128.0,1.0,50.0,126.0,0.0,38.40000000000001,0,254,1.0,0.0,9.142857142857142,9.0,18.142857142857142,0.0,0.07142857142857142,0.0,0.07142857142857142,2.56,0.0,0.0,0.0,0.7857142857142857,0,36.9,2.6357142857142857
187,Jim Otis,STL,RB,25.0,10.0,0.0,0.0,0.0,0.0,2.0,9.5,3.0,0.0,0.0,0.0,0.0,234.0,1.0,55.0,19.0,0.0,27.3,0,253,1.0,0.0,23.4,1.9,25.3,0.0,0.1,0.0,0.1,4.254545454545455,0.0,0.0,0.0,0.2,0,32.3,3.2299999999999995
188,Jerry Simmons,DEN,WR,31.0,14.0,0.0,0.0,0.0,0.0,13.0,19.15,0.0,0.0,0.0,0.0,0.0,-4.0,0.0,1.0,249.0,1.0,43.5,0,245,1.0,0.0,-0.2857142857142857,17.785714285714285,17.5,0.0,0.0,0.07142857142857142,0.07142857142857142,-4.0,0.0,0.0,0.0,0.9285714285714286,0,37.0,2.642857142857143
189,Walker Gillette,STL,WR,26.0,14.0,0.0,0.0,0.0,0.0,20.0,12.2,2.0,0.0,0.0,0.0,0.0,0.0,0.0,0.0,244.0,1.0,46.4,0,244,1.0,0.0,0.0,17.428571428571427,17.428571428571427,0.0,0.0,0.07142857142857142,0.07142857142857142,0.0,0.0,0.0,0.0,1.4285714285714286,0,40.4,2.8857142857142857
190,Bobby Anderson,DEN,RB,26.0,12.0,2.0,3.0,47.0,0.0,15.0,10.2,0.0,0.0,47.0,0.0,3.0,61.0,1.0,19.0,153.0,0.0,44.28,0,214,1.0,3.9166666666666665,5.083333333333333,12.75,17.833333333333332,0.0,0.08333333333333333,0.0,0.08333333333333333,3.2105263157894735,0.6666666666666666,23.5,15.666666666666664,1.25,0,36.78,3.065
191,Pete Beathard,KAN,QB,31.0,9.0,31.0,64.0,389.0,1.0,0.0,0.0,1.0,0.0,389.0,2.0,64.0,16.0,1.0,6.0,0.0,0.0,27.160000000000004,0,16,1.0,43.22222222222222,1.7777777777777777,0.0,1.7777777777777777,0.2222222222222222,0.1111111111111111,0.0,0.1111111111111111,2.6666666666666665,0.484375,12.548387096774194,6.078125,0.0,0,29.16,3.24
192,Al Dodd,ATL,WR,28.0,13.0,0.0,0.0,0.0,0.0,19.0,15.32,1.0,0.0,0.0,0.0,0.0,0.0,0.0,0.0,291.0,0.0,46.1,0,291,0.0,0.0,0.0,22.384615384615387,22.384615384615387,0.0,0.0,0.0,0.0,0.0,0.0,0.0,0.0,1.4615384615384617,0,38.6,2.9692307692307693
193,George Farmer,CHI,WR,25.0,14.0,0.0,0.0,0.0,0.0,15.0,14.6,1.0,0.0,0.0,0.0,0.0,8.0,0.0,1.0,219.0,1.0,41.7,0,227,1.0,0.0,0.5714285714285714,15.642857142857142,16.214285714285715,0.0,0.0,0.07142857142857142,0.07142857142857142,8.0,0.0,0.0,0.0,1.0714285714285714,0,36.2,2.5857142857142863
194,Tom Geredine,ATL,WR,23.0,12.0,0.0,0.0,0.0,0.0,12.0,19.25,1.0,0.0,0.0,0.0,0.0,-3.0,0.0,1.0,231.0,1.0,38.8,0,228,1.0,0.0,-0.25,19.25,19.0,0.0,0.0,0.08333333333333333,0.08333333333333333,-3.0,0.0,0.0,0.0,1.0,0,34.8,2.9
195,Les Josephson,RAM,RB,31.0,14.0,0.0,0.0,0.0,0.0,0.0,0.0,0.0,0.0,0.0,0.0,0.0,174.0,2.0,36.0,0.0,0.0,29.4,0,174,2.0,0.0,12.428571428571427,0.0,12.428571428571427,0.0,0.14285714285714285,0.0,0.14285714285714285,4.833333333333333,0.0,0.0,0.0,0.0,0,29.4,2.1
196,Joe Reed,SFO,QB,25.0,6.0,51.0,114.0,589.0,6.0,0.0,0.0,3.0,0.0,589.0,2.0,114.0,85.0,0.0,15.0,0.0,0.0,22.06,0,85,0.0,98.16666666666669,14.166666666666664,0.0,14.166666666666664,0.3333333333333333,0.0,0.0,0.0,5.666666666666668,0.4473684210526316,11.549019607843134,5.166666666666667,0.0,0,28.06,4.676666666666667
197,Eddie Hinton,HOU,WR,26.0,11.0,0.0,0.0,0.0,0.0,13.0,15.54,1.0,0.0,0.0,0.0,0.0,-2.0,0.0,1.0,202.0,1.0,37.0,0,200,1.0,0.0,-0.18181818181818185,18.363636363636363,18.181818181818183,0.0,0.0,0.09090909090909093,0.09090909090909093,-2.0,0.0,0.0,0.0,1.181818181818182,0,32.5,2.9545454545454546
198,John McMakin,PIT,TE,23.0,14.0,0.0,0.0,0.0,0.0,13.0,15.0,0.0,0.0,0.0,0.0,0.0,0.0,0.0,0.0,195.0,1.0,38.5,0,195,1.0,0.0,0.0,13.928571428571427,13.928571428571427,0.0,0.0,0.07142857142857142,0.07142857142857142,0.0,0.0,0.0,0.0,0.9285714285714286,0,32.0,2.2857142857142856
199,Larry Schreiber,SFO,RB,26.0,4.0,0.0,0.0,0.0,0.0,12.0,8.17,1.0,0.0,0.0,0.0,0.0,163.0,0.0,42.0,98.0,0.0,36.1,0,261,0.0,0.0,40.75,24.5,65.25,0.0,0.0,0.0,0.0,3.8809523809523814,0.0,0.0,0.0,3.0,0,32.1,8.025
200,Gary Butler,KAN,TE,22.0,14.0,0.0,0.0,0.0,0.0,8.0,15.5,1.0,0.0,0.0,0.0,0.0,10.0,0.0,2.0,124.0,2.0,31.4,0,134,2.0,0.0,0.7142857142857143,8.857142857142858,9.571428571428571,0.0,0.0,0.14285714285714285,0.14285714285714285,5.0,0.0,0.0,0.0,0.5714285714285714,0,29.4,2.1
201,Lenvil Elliott,CIN,RB,22.0,6.0,0.0,0.0,0.0,0.0,1.0,12.0,0.0,0.0,0.0,0.0,0.0,122.0,1.0,22.0,12.0,1.0,26.4,0,134,2.0,0.0,20.33333333333333,2.0,22.33333333333333,0.0,0.16666666666666666,0.16666666666666666,0.3333333333333333,5.545454545454546,0.0,0.0,0.0,0.16666666666666666,0,25.9,4.316666666666666
202,Ron Holliday,SDG,WR,25.0,11.0,0.0,2.0,0.0,1.0,14.0,13.0,1.0,0.0,0.0,0.0,2.0,70.0,0.0,6.0,182.0,0.0,35.2,0,252,0.0,0.0,6.363636363636362,16.545454545454547,22.90909090909091,0.0,0.0,0.0,0.0,11.666666666666664,0.0,0.0,0.0,1.2727272727272727,0,30.200000000000006,2.7454545454545456
203,Earl McCullouch,DET,WR,27.0,11.0,0.0,0.0,0.0,0.0,9.0,19.89,0.0,0.0,0.0,0.0,0.0,12.0,0.0,2.0,179.0,1.0,34.1,0,191,1.0,0.0,1.0909090909090908,16.272727272727273,17.363636363636363,0.0,0.0,0.09090909090909093,0.09090909090909093,6.0,0.0,0.0,0.0,0.8181818181818182,0,29.6,2.6909090909090905
204,Raymond Chester,BAL,TE,25.0,13.0,0.0,0.0,0.0,0.0,18.0,10.06,1.0,0.0,0.0,0.0,0.0,1.0,0.0,1.0,181.0,1.0,40.2,0,182,1.0,0.0,0.07692307692307693,13.923076923076925,14.0,0.0,0.0,0.07692307692307693,0.07692307692307693,1.0,0.0,0.0,0.0,1.3846153846153846,0,33.2,2.553846153846154
205,Charlie Evans,NYG,RB,25.0,5.0,0.0,0.0,0.0,0.0,13.0,7.69,2.0,0.0,0.0,0.0,0.0,77.0,1.0,34.0,100.0,0.0,32.7,0,177,1.0,0.0,15.4,20.0,35.4,0.0,0.2,0.0,0.2,2.264705882352941,0.0,0.0,0.0,2.6,0,30.2,6.04
206,Scott Hunter,GNB,QB,26.0,8.0,35.0,84.0,442.0,4.0,0.0,0.0,1.0,0.0,442.0,2.0,84.0,3.0,1.0,8.0,0.0,0.0,21.98,0,3,1.0,55.25,0.375,0.0,0.375,0.25,0.125,0.0,0.125,0.375,0.4166666666666667,12.628571428571426,5.261904761904762,0.0,0,23.98,2.9975
207,Jim Thaxton,SDG,TE,24.0,10.0,0.0,0.0,0.0,0.0,7.0,17.0,0.0,0.0,0.0,0.0,0.0,0.0,0.0,0.0,119.0,2.0,30.9,0,119,2.0,0.0,0.0,11.9,11.9,0.0,0.0,0.2,0.2,0.0,0.0,0.0,0.0,0.7,0,27.4,2.74
208,Tom Bailey,PHI,RB,24.0,12.0,0.0,0.0,0.0,0.0,10.0,8.0,1.0,0.0,0.0,0.0,0.0,91.0,0.0,20.0,80.0,1.0,31.1,0,171,1.0,0.0,7.583333333333332,6.666666666666668,14.25,0.0,0.0,0.08333333333333333,0.08333333333333333,4.55,0.0,0.0,0.0,0.8333333333333334,0,28.1,2.341666666666667
209,Pete Banaszak,OAK,RB,29.0,14.0,0.0,0.0,0.0,0.0,6.0,5.17,0.0,0.0,0.0,0.0,0.0,198.0,0.0,34.0,31.0,0.0,28.9,0,229,0.0,0.0,14.142857142857142,2.2142857142857144,16.357142857142858,0.0,0.0,0.0,0.0,5.8235294117647065,0.0,0.0,0.0,0.42857142857142855,0,25.9,1.85
210,Gloster Richardson,CLE,WR,31.0,14.0,0.0,0.0,0.0,0.0,12.0,14.58,1.0,0.0,0.0,0.0,0.0,-10.0,0.0,3.0,175.0,1.0,32.5,0,165,1.0,0.0,-0.7142857142857143,12.5,11.785714285714285,0.0,0.0,0.07142857142857142,0.07142857142857142,-3.333333333333333,0.0,0.0,0.0,0.8571428571428571,0,28.5,2.0357142857142856
211,Bill Olds,BAL,RB,22.0,13.0,0.0,0.0,0.0,0.0,2.0,-2.0,0.0,0.0,0.0,0.0,0.0,100.0,2.0,26.0,-4.0,0.0,23.6,0,96,2.0,0.0,7.6923076923076925,-0.3076923076923077,7.384615384615384,0.0,0.15384615384615385,0.0,0.15384615384615385,3.8461538461538463,0.0,0.0,0.0,0.15384615384615385,0,22.6,1.7384615384615385
212,Dave Osborn,MIN,RB,30.0,11.0,0.0,0.0,0.0,0.0,3.0,1.33,2.0,0.0,0.0,0.0,0.0,216.0,0.0,48.0,4.0,0.0,21.0,0,220,0.0,0.0,19.63636363636364,0.3636363636363637,20.0,0.0,0.0,0.0,0.0,4.5,0.0,0.0,0.0,0.2727272727272727,0,23.5,2.136363636363636
213,Jerry Smith,WAS,TE,30.0,13.0,0.0,0.0,0.0,0.0,19.0,11.32,1.0,0.0,0.0,0.0,0.0,0.0,0.0,0.0,215.0,0.0,38.5,0,215,0.0,0.0,0.0,16.53846153846154,16.53846153846154,0.0,0.0,0.0,0.0,0.0,0.0,0.0,0.0,1.4615384615384617,0,31.0,2.3846153846153846
214,Charlie Joiner,CIN,WR,26.0,5.0,0.0,0.0,0.0,0.0,13.0,16.46,1.0,0.0,0.0,0.0,0.0,0.0,0.0,0.0,214.0,0.0,32.4,0,214,0.0,0.0,0.0,42.8,42.8,0.0,0.0,0.0,0.0,0.0,0.0,0.0,0.0,2.6,0,27.9,5.58
215,Joe Moore,CHI,RB,24.0,14.0,0.0,0.0,0.0,0.0,3.0,5.67,1.0,0.0,0.0,0.0,0.0,191.0,0.0,58.0,17.0,0.0,21.8,0,208,0.0,0.0,13.642857142857142,1.2142857142857142,14.857142857142858,0.0,0.0,0.0,0.0,3.2931034482758617,0.0,0.0,0.0,0.21428571428571427,0,22.3,1.592857142857143
216,Pettis Norman,SDG,TE,34.0,14.0,0.0,0.0,0.0,0.0,13.0,15.38,0.0,0.0,0.0,0.0,0.0,10.0,0.0,1.0,200.0,0.0,34.0,0,210,0.0,0.0,0.7142857142857143,14.285714285714285,15.0,0.0,0.0,0.0,0.0,10.0,0.0,0.0,0.0,0.9285714285714286,0,27.5,1.9642857142857144
217,Joe Orduna,NYG,RB,25.0,14.0,0.0,0.0,0.0,0.0,6.0,7.33,0.0,0.0,0.0,0.0,0.0,104.0,1.0,36.0,44.0,0.0,26.8,0,148,1.0,0.0,7.428571428571429,3.1428571428571432,10.571428571428571,0.0,0.07142857142857142,0.0,0.07142857142857142,2.888888888888889,0.0,0.0,0.0,0.42857142857142855,0,23.8,1.7
218,Dick Shiner,2TM,QB,31.0,7.0,36.0,68.0,432.0,4.0,0.0,0.0,4.0,0.0,432.0,3.0,68.0,-2.0,0.0,3.0,0.0,0.0,13.080000000000002,0,-2,0.0,61.714285714285715,-0.2857142857142857,0.0,-0.2857142857142857,0.42857142857142855,0.0,0.0,0.0,-0.6666666666666666,0.5294117647058824,12.0,6.352941176470589,0.0,0,21.08,3.011428571428572
219,Bob Adams,NWE,TE,27.0,12.0,0.0,0.0,0.0,0.0,14.0,14.07,0.0,0.0,0.0,0.0,0.0,7.0,0.0,2.0,197.0,0.0,34.40000000000001,0,204,0.0,0.0,0.5833333333333334,16.416666666666668,17.0,0.0,0.0,0.0,0.0,3.5,0.0,0.0,0.0,1.1666666666666667,0,27.4,2.283333333333333
220,Charlie Leigh,MIA,RB,28.0,14.0,0.0,0.0,0.0,0.0,4.0,2.25,3.0,0.0,0.0,0.0,0.0,134.0,1.0,22.0,9.0,0.0,18.3,0,143,1.0,0.0,9.571428571428571,0.6428571428571429,10.214285714285714,0.0,0.07142857142857142,0.0,0.07142857142857142,6.090909090909091,0.0,0.0,0.0,0.2857142857142857,0,22.3,1.592857142857143
221,Otis Armstrong,DEN,RB,23.0,14.0,0.0,0.0,0.0,0.0,2.0,21.5,1.0,0.0,0.0,0.0,0.0,90.0,0.0,26.0,43.0,1.0,19.3,0,133,1.0,0.0,6.428571428571429,3.071428571428572,9.5,0.0,0.0,0.07142857142857142,0.07142857142857142,3.4615384615384617,0.0,0.0,0.0,0.14285714285714285,0,20.3,1.45
222,Craig Cotton,CHI,TE,26.0,13.0,0.0,0.0,0.0,0.0,13.0,14.31,0.0,0.0,0.0,0.0,0.0,0.0,0.0,0.0,186.0,0.0,31.6,0,186,0.0,0.0,0.0,14.307692307692307,14.307692307692307,0.0,0.0,0.0,0.0,0.0,0.0,0.0,0.0,1.0,0,25.1,1.9307692307692308
223,Carroll Dale,MIN,WR,35.0,13.0,0.0,0.0,0.0,0.0,14.0,13.71,0.0,0.0,0.0,0.0,0.0,0.0,0.0,0.0,192.0,0.0,33.2,0,192,0.0,0.0,0.0,14.769230769230768,14.769230769230768,0.0,0.0,0.0,0.0,0.0,0.0,0.0,0.0,1.0769230769230769,0,26.2,2.0153846153846158
224,Gary Huff,CHI,QB,22.0,8.0,54.0,126.0,525.0,8.0,0.0,0.0,1.0,0.0,525.0,3.0,126.0,22.0,0.0,11.0,0.0,0.0,17.2,0,22,0.0,65.625,2.75,0.0,2.75,0.375,0.0,0.0,0.0,2.0,0.42857142857142855,9.722222222222221,4.166666666666667,0.0,0,19.200000000000006,2.4000000000000004
225,Bert Jones,BAL,QB,22.0,8.0,43.0,108.0,539.0,12.0,0.0,0.0,0.0,0.0,539.0,4.0,108.0,58.0,0.0,18.0,0.0,0.0,19.360000000000007,0,58,0.0,67.375,7.25,0.0,7.25,0.5,0.0,0.0,0.0,3.2222222222222223,0.39814814814814814,12.534883720930234,4.9907407407407405,0.0,0,19.36,2.42
226,Louis Neal,ATL,WR,22.0,5.0,0.0,0.0,0.0,0.0,5.0,26.2,0.0,0.0,0.0,0.0,0.0,0.0,0.0,0.0,131.0,1.0,24.1,0,131,1.0,0.0,0.0,26.2,26.2,0.0,0.0,0.2,0.2,0.0,0.0,0.0,0.0,1.0,0,21.6,4.32
227,Perry Williams,GNB,RB,27.0,14.0,0.0,0.0,0.0,0.0,5.0,8.8,1.0,0.0,0.0,0.0,0.0,87.0,1.0,32.0,44.0,0.0,22.1,0,131,1.0,0.0,6.2142857142857135,3.1428571428571432,9.357142857142858,0.0,0.07142857142857142,0.0,0.07142857142857142,2.71875,0.0,0.0,0.0,0.35714285714285715,0,21.6,1.542857142857143
228,Les Goodman,GNB,RB,23.0,6.0,0.0,0.0,0.0,0.0,2.0,9.5,2.0,0.0,0.0,0.0,0.0,88.0,1.0,18.0,19.0,0.0,14.700000000000005,0,107,1.0,0.0,14.666666666666664,3.1666666666666665,17.833333333333332,0.0,0.16666666666666666,0.0,0.16666666666666666,4.888888888888889,0.0,0.0,0.0,0.3333333333333333,0,17.700000000000006,2.9500000000000006
229,Billy Lefear,CLE,RB,23.0,13.0,0.0,0.0,0.0,0.0,5.0,7.6,3.0,0.0,0.0,0.0,0.0,135.0,0.0,26.0,38.0,0.0,16.3,0,173,0.0,0.0,10.384615384615383,2.9230769230769234,13.307692307692307,0.0,0.0,0.0,0.0,5.1923076923076925,0.0,0.0,0.0,0.38461538461538464,0,19.8,1.5230769230769232
230,Craig Morton,DAL,QB,30.0,14.0,13.0,32.0,174.0,1.0,0.0,0.0,1.0,0.0,174.0,3.0,32.0,0.0,0.0,1.0,0.0,0.0,14.96,0,0,0.0,12.428571428571427,0.0,0.0,0.0,0.21428571428571427,0.0,0.0,0.0,0.0,0.40625,13.384615384615385,5.4375,0.0,0,16.96,1.2114285714285715
231,Johnny Unitas,SDG,QB,40.0,5.0,34.0,76.0,471.0,7.0,0.0,0.0,3.0,0.0,471.0,3.0,76.0,0.0,0.0,0.0,0.0,0.0,10.84,0,0,0.0,94.2,0.0,0.0,0.0,0.6,0.0,0.0,0.0,0.0,0.4473684210526316,13.852941176470587,6.197368421052633,0.0,0,16.84,3.3680000000000003
232,Daryle Lamonica,OAK,QB,32.0,8.0,42.0,93.0,614.0,8.0,0.0,0.0,3.0,0.0,614.0,2.0,93.0,-7.0,0.0,5.0,0.0,0.0,9.860000000000003,0,-7,0.0,76.75,-0.875,0.0,-0.875,0.25,0.0,0.0,0.0,-1.4,0.4516129032258064,14.61904761904762,6.60215053763441,0.0,0,15.86,1.9825
233,Bo Scott,CLE,RB,30.0,7.0,0.0,0.0,0.0,0.0,6.0,3.83,0.0,0.0,0.0,0.0,0.0,79.0,0.0,34.0,23.0,1.0,22.20000000000001,0,102,1.0,0.0,11.285714285714285,3.2857142857142856,14.571428571428573,0.0,0.0,0.14285714285714285,0.14285714285714285,2.323529411764706,0.0,0.0,0.0,0.8571428571428571,0,19.2,2.7428571428571433
234,Bob Thomas,SDG,RB,25.0,14.0,0.0,0.0,0.0,0.0,7.0,7.29,3.0,0.0,0.0,0.0,0.0,48.0,0.0,22.0,51.0,1.0,16.900000000000002,0,99,1.0,0.0,3.4285714285714284,3.6428571428571432,7.071428571428571,0.0,0.0,0.07142857142857142,0.07142857142857142,2.1818181818181817,0.0,0.0,0.0,0.5,0,19.4,1.3857142857142857
235,Golden Richards,DAL,WR,23.0,12.0,0.0,0.0,0.0,0.0,6.0,15.17,1.0,0.0,0.0,0.0,0.0,2.0,0.0,1.0,91.0,1.0,19.3,0,93,1.0,0.0,0.16666666666666666,7.583333333333332,7.75,0.0,0.0,0.08333333333333333,0.08333333333333333,2.0,0.0,0.0,0.0,0.5,0,18.3,1.5249999999999997
236,David Knight,NYJ,WR,22.0,14.0,0.0,0.0,0.0,0.0,6.0,13.0,0.0,0.0,0.0,0.0,0.0,0.0,0.0,0.0,78.0,1.0,19.8,0,78,1.0,0.0,0.0,5.571428571428571,5.571428571428571,0.0,0.0,0.07142857142857142,0.07142857142857142,0.0,0.0,0.0,0.0,0.42857142857142855,0,16.8,1.2
237,Don Shy,STL,RB,28.0,11.0,0.0,0.0,0.0,0.0,3.0,5.0,1.0,0.0,0.0,0.0,0.0,66.0,0.0,16.0,15.0,1.0,15.1,0,81,1.0,0.0,6.0,1.3636363636363635,7.363636363636362,0.0,0.0,0.09090909090909093,0.09090909090909093,4.125,0.0,0.0,0.0,0.2727272727272727,0,15.6,1.4181818181818182
238,Duane Thomas,WAS,RB,26.0,13.0,0.0,0.0,0.0,0.0,5.0,8.0,1.0,0.0,0.0,0.0,0.0,95.0,0.0,32.0,40.0,0.0,16.5,0,135,0.0,0.0,7.3076923076923075,3.0769230769230766,10.384615384615383,0.0,0.0,0.0,0.0,2.96875,0.0,0.0,0.0,0.38461538461538464,0,16.0,1.2307692307692308
239,Robert Brown,NOR,TE,30.0,5.0,0.0,0.0,0.0,0.0,11.0,12.0,0.0,0.0,0.0,0.0,0.0,0.0,0.0,0.0,132.0,0.0,24.2,0,132,0.0,0.0,0.0,26.4,26.4,0.0,0.0,0.0,0.0,0.0,0.0,0.0,0.0,2.2,0,18.7,3.74
240,John Hilton,DET,TE,31.0,14.0,0.0,0.0,0.0,0.0,6.0,11.67,0.0,0.0,0.0,0.0,0.0,0.0,0.0,0.0,70.0,1.0,19.0,0,70,1.0,0.0,0.0,5.0,5.0,0.0,0.0,0.07142857142857142,0.07142857142857142,0.0,0.0,0.0,0.0,0.42857142857142855,0,16.0,1.1428571428571428
241,Roger Lawson,CHI,RB,24.0,10.0,0.0,0.0,0.0,0.0,9.0,6.67,1.0,0.0,0.0,0.0,0.0,70.0,0.0,24.0,60.0,0.0,20.0,0,130,0.0,0.0,7.0,6.0,13.0,0.0,0.0,0.0,0.0,2.9166666666666665,0.0,0.0,0.0,0.9,0,17.5,1.75
242,Tom Reynolds,CHI,WR,24.0,9.0,0.0,0.0,0.0,0.0,7.0,18.14,0.0,0.0,0.0,0.0,0.0,0.0,0.0,0.0,127.0,0.0,19.7,0,127,0.0,0.0,0.0,14.111111111111109,14.111111111111109,0.0,0.0,0.0,0.0,0.0,0.0,0.0,0.0,0.7777777777777778,0,16.2,1.7999999999999998
243,Rob Scribner,RAM,RB,22.0,10.0,0.0,0.0,0.0,0.0,2.0,9.5,1.0,0.0,0.0,0.0,0.0,109.0,0.0,20.0,19.0,0.0,12.8,0,128,0.0,0.0,10.9,1.9,12.8,0.0,0.0,0.0,0.0,5.45,0.0,0.0,0.0,0.2,0,13.8,1.38
244,Pat Sullivan,ATL,QB,23.0,4.0,14.0,26.0,175.0,0.0,0.0,0.0,1.0,0.0,175.0,1.0,26.0,19.0,0.0,3.0,0.0,0.0,10.9,0,19,0.0,43.75,4.75,0.0,4.75,0.25,0.0,0.0,0.0,6.333333333333332,0.5384615384615384,12.5,6.730769230769232,0.0,0,12.9,3.225
245,George Amundson,HOU,RB,22.0,9.0,0.0,0.0,0.0,0.0,7.0,8.57,1.0,0.0,0.0,0.0,0.0,56.0,0.0,15.0,60.0,0.0,16.6,0,116,0.0,0.0,6.222222222222222,6.666666666666668,12.888888888888891,0.0,0.0,0.0,0.0,3.733333333333333,0.0,0.0,0.0,0.7777777777777778,0,15.1,1.6777777777777778
246,Wayne Clark,SDG,QB,26.0,11.0,40.0,90.0,532.0,9.0,0.0,0.0,1.0,0.0,532.0,0.0,90.0,86.0,0.0,13.0,0.0,0.0,9.88,0,86,0.0,48.36363636363637,7.8181818181818175,0.0,7.8181818181818175,0.0,0.0,0.0,0.0,6.615384615384616,0.4444444444444444,13.3,5.911111111111111,0.0,0,11.880000000000004,1.0800000000000003
247,Bruce Coslet,CIN,TE,27.0,13.0,0.0,0.0,0.0,0.0,9.0,13.67,0.0,0.0,0.0,0.0,0.0,0.0,0.0,0.0,123.0,0.0,21.3,0,123,0.0,0.0,0.0,9.461538461538463,9.461538461538463,0.0,0.0,0.0,0.0,0.0,0.0,0.0,0.0,0.6923076923076923,0,16.8,1.2923076923076924
248,Pat Curran,RAM,TE,28.0,14.0,0.0,0.0,0.0,0.0,5.0,11.2,0.0,0.0,0.0,0.0,0.0,0.0,0.0,0.0,56.0,1.0,16.6,0,56,1.0,0.0,0.0,4.0,4.0,0.0,0.0,0.07142857142857142,0.07142857142857142,0.0,0.0,0.0,0.0,0.35714285714285715,0,14.1,1.0071428571428571
249,Joe Gilliam,PIT,QB,23.0,5.0,20.0,60.0,331.0,6.0,0.0,0.0,3.0,0.0,331.0,2.0,60.0,23.0,0.0,6.0,0.0,0.0,5.540000000000003,0,23,0.0,66.2,4.6,0.0,4.6,0.4,0.0,0.0,0.0,3.8333333333333335,0.3333333333333333,16.55,5.5166666666666675,0.0,0,11.54,2.3080000000000003
250,Leland Glass,GNB,WR,23.0,12.0,0.0,0.0,0.0,0.0,11.0,10.82,0.0,0.0,0.0,0.0,0.0,0.0,0.0,0.0,119.0,0.0,22.9,0,119,0.0,0.0,0.0,9.916666666666666,9.916666666666666,0.0,0.0,0.0,0.0,0.0,0.0,0.0,0.0,0.9166666666666666,0,17.4,1.45
251,Mike Hancock,WAS,TE,23.0,10.0,0.0,0.0,0.0,0.0,2.0,1.5,0.0,0.0,0.0,0.0,0.0,0.0,0.0,0.0,3.0,2.0,14.3,0,3,2.0,0.0,0.0,0.3,0.3,0.0,0.0,0.2,0.2,0.0,0.0,0.0,0.0,0.2,0,13.3,1.33
252,Jim Hooks,DET,RB,23.0,11.0,0.0,0.0,0.0,0.0,1.0,6.0,1.0,0.0,0.0,0.0,0.0,110.0,0.0,19.0,6.0,0.0,10.6,0,116,0.0,0.0,10.0,0.5454545454545454,10.545454545454543,0.0,0.0,0.0,0.0,5.789473684210527,0.0,0.0,0.0,0.09090909090909093,0,12.1,1.1
253,Steve Ramsey,DEN,QB,25.0,5.0,10.0,27.0,194.0,2.0,0.0,0.0,0.0,0.0,194.0,2.0,27.0,0.0,0.0,0.0,0.0,0.0,11.76,0,0,0.0,38.8,0.0,0.0,0.0,0.4,0.0,0.0,0.0,0.0,0.3703703703703704,19.4,7.185185185185184,0.0,0,11.76,2.352
254,Alvin Reed,WAS,TE,29.0,5.0,0.0,0.0,0.0,0.0,9.0,13.78,0.0,0.0,0.0,0.0,0.0,0.0,0.0,0.0,124.0,0.0,21.4,0,124,0.0,0.0,0.0,24.8,24.8,0.0,0.0,0.0,0.0,0.0,0.0,0.0,0.0,1.8,0,16.9,3.38
255,Les Strayhorn,DAL,RB,22.0,11.0,0.0,0.0,0.0,0.0,0.0,0.0,2.0,0.0,0.0,0.0,0.0,62.0,1.0,11.0,0.0,0.0,8.2,0,62,1.0,0.0,5.636363636363638,0.0,5.636363636363638,0.0,0.09090909090909093,0.0,0.09090909090909093,5.636363636363638,0.0,0.0,0.0,0.0,0,12.2,1.1090909090909091
256,Harmon Wages,ATL,RB,27.0,6.0,0.0,0.0,0.0,0.0,2.0,7.0,0.0,0.0,0.0,0.0,0.0,47.0,1.0,18.0,14.0,0.0,14.1,0,61,1.0,0.0,7.833333333333332,2.333333333333333,10.166666666666666,0.0,0.16666666666666666,0.0,0.16666666666666666,2.6111111111111107,0.0,0.0,0.0,0.3333333333333333,0,13.1,2.183333333333333
257,Dave Williams,2TM,WR,28.0,7.0,0.0,0.0,0.0,0.0,7.0,16.86,0.0,0.0,0.0,0.0,0.0,0.0,0.0,0.0,118.0,0.0,18.8,0,118,0.0,0.0,0.0,16.857142857142858,16.857142857142858,0.0,0.0,0.0,0.0,0.0,0.0,0.0,0.0,1.0,0,15.3,2.185714285714286
258,Lee Bouggess,PHI,RB,25.0,8.0,0.0,0.0,0.0,0.0,4.0,4.5,0.0,0.0,0.0,0.0,0.0,34.0,1.0,15.0,18.0,0.0,15.2,0,52,1.0,0.0,4.25,2.25,6.5,0.0,0.125,0.0,0.125,2.2666666666666666,0.0,0.0,0.0,0.5,0,13.2,1.65
259,Ben Hawkins,PHI,WR,29.0,4.0,0.0,0.0,0.0,0.0,6.0,19.0,0.0,0.0,0.0,0.0,0.0,0.0,0.0,0.0,114.0,0.0,17.4,0,114,0.0,0.0,0.0,28.5,28.5,0.0,0.0,0.0,0.0,0.0,0.0,0.0,0.0,1.5,0,14.4,3.6
260,Paul Seymour,BUF,TE,23.0,14.0,0.0,0.0,0.0,0.0,10.0,11.4,0.0,0.0,0.0,0.0,0.0,0.0,0.0,0.0,114.0,0.0,21.4,0,114,0.0,0.0,0.0,8.142857142857142,8.142857142857142,0.0,0.0,0.0,0.0,0.0,0.0,0.0,0.0,0.7142857142857143,0,16.4,1.1714285714285713
261,Steve Sweeney,OAK,WR,23.0,14.0,0.0,0.0,0.0,0.0,2.0,26.0,0.0,0.0,0.0,0.0,0.0,0.0,0.0,0.0,52.0,1.0,13.2,0,52,1.0,0.0,0.0,3.7142857142857135,3.7142857142857135,0.0,0.0,0.07142857142857142,0.07142857142857142,0.0,0.0,0.0,0.0,0.14285714285714285,0,12.2,0.8714285714285713
262,Al Barnes,DET,WR,24.0,11.0,0.0,0.0,0.0,0.0,3.0,14.33,1.0,0.0,0.0,0.0,0.0,0.0,0.0,0.0,43.0,1.0,11.3,0,43,1.0,0.0,0.0,3.9090909090909087,3.9090909090909087,0.0,0.0,0.09090909090909093,0.09090909090909093,0.0,0.0,0.0,0.0,0.2727272727272727,0,11.8,1.0727272727272728
263,Wes Chesson,2TM,WR,24.0,4.0,0.0,0.0,0.0,0.0,2.0,18.0,0.0,0.0,0.0,0.0,0.0,0.0,0.0,0.0,36.0,1.0,11.6,0,36,1.0,0.0,0.0,9.0,9.0,0.0,0.0,0.25,0.25,0.0,0.0,0.0,0.0,0.5,0,10.6,2.65
264,Jim Nance,NYJ,RB,31.0,7.0,0.0,0.0,0.0,0.0,4.0,6.5,0.0,0.0,0.0,0.0,0.0,78.0,0.0,18.0,26.0,0.0,14.4,0,104,0.0,0.0,11.142857142857142,3.7142857142857135,14.857142857142858,0.0,0.0,0.0,0.0,4.333333333333333,0.0,0.0,0.0,0.5714285714285714,0,12.4,1.7714285714285716
265,Bobby Scott,NOR,QB,24.0,6.0,18.0,54.0,245.0,3.0,0.0,0.0,0.0,0.0,245.0,1.0,54.0,18.0,0.0,9.0,0.0,0.0,9.6,0,18,0.0,40.833333333333336,3.0,0.0,3.0,0.16666666666666666,0.0,0.0,0.0,2.0,0.3333333333333333,13.611111111111109,4.537037037037037,0.0,0,9.6,1.6000000000000003
266,Hank Bjorklund,NYJ,RB,23.0,10.0,0.0,0.0,0.0,0.0,2.0,7.5,1.0,0.0,0.0,0.0,0.0,72.0,0.0,22.0,15.0,0.0,8.7,0,87,0.0,0.0,7.2,1.5,8.7,0.0,0.0,0.0,0.0,3.272727272727273,0.0,0.0,0.0,0.2,0,9.7,0.97
267,Leon Crosswhite,DET,RB,22.0,7.0,0.0,0.0,0.0,0.0,1.0,4.0,0.0,0.0,0.0,0.0,0.0,30.0,1.0,11.0,4.0,0.0,10.4,0,34,1.0,0.0,4.285714285714286,0.5714285714285714,4.857142857142857,0.0,0.14285714285714285,0.0,0.14285714285714285,2.727272727272727,0.0,0.0,0.0,0.14285714285714285,0,9.9,1.4142857142857144
268,Jim Del Gaizo,GNB,QB,26.0,8.0,27.0,62.0,318.0,6.0,0.0,0.0,3.0,0.0,318.0,2.0,62.0,1.0,0.0,4.0,0.0,0.0,2.8199999999999985,0,1,0.0,39.75,0.125,0.0,0.125,0.25,0.0,0.0,0.0,0.25,0.4354838709677419,11.777777777777779,5.129032258064517,0.0,0,8.82,1.1025
269,Rich Houston,NYG,WR,28.0,14.0,0.0,0.0,0.0,0.0,8.0,11.25,0.0,0.0,0.0,0.0,0.0,0.0,0.0,0.0,90.0,0.0,17.0,0,90,0.0,0.0,0.0,6.428571428571429,6.428571428571429,0.0,0.0,0.0,0.0,0.0,0.0,0.0,0.0,0.5714285714285714,0,13.0,0.9285714285714286
270,Hugh McKinnis,CLE,RB,25.0,14.0,0.0,0.0,0.0,0.0,3.0,3.67,1.0,0.0,0.0,0.0,0.0,77.0,0.0,28.0,11.0,0.0,9.8,0,88,0.0,0.0,5.5,0.7857142857142857,6.2857142857142865,0.0,0.0,0.0,0.0,2.75,0.0,0.0,0.0,0.21428571428571427,0,10.3,0.7357142857142858
271,Bob Parsons,CHI,TE,23.0,14.0,0.0,0.0,0.0,0.0,2.0,11.5,0.0,0.0,0.0,0.0,0.0,2.0,0.0,2.0,23.0,1.0,10.5,0,25,1.0,0.0,0.14285714285714285,1.6428571428571428,1.7857142857142858,0.0,0.0,0.07142857142857142,0.07142857142857142,1.0,0.0,0.0,0.0,0.14285714285714285,0,9.5,0.6785714285714286
272,Dave Atkins,SFO,RB,24.0,5.0,0.0,0.0,0.0,0.0,1.0,-3.0,0.0,0.0,0.0,0.0,0.0,19.0,1.0,4.0,-3.0,0.0,8.6,0,16,1.0,0.0,3.8,-0.6,3.2,0.0,0.2,0.0,0.2,4.75,0.0,0.0,0.0,0.2,0,8.1,1.62
273,John Isenbarger,SFO,RB,26.0,14.0,1.0,1.0,48.0,0.0,10.0,6.7,0.0,0.0,48.0,0.0,1.0,-6.0,0.0,1.0,67.0,0.0,18.02,0,61,0.0,3.4285714285714284,-0.42857142857142855,4.785714285714286,4.357142857142857,0.0,0.0,0.0,0.0,-6.0,1.0,48.0,48.0,0.7142857142857143,0,13.02,0.93
274,Cliff McClain,NYJ,RB,26.0,12.0,0.0,0.0,0.0,0.0,6.0,8.67,1.0,0.0,0.0,0.0,0.0,32.0,0.0,8.0,52.0,0.0,12.4,0,84,0.0,0.0,2.6666666666666665,4.333333333333333,7.0,0.0,0.0,0.0,0.0,4.0,0.0,0.0,0.0,0.5,0,11.4,0.95
275,Chip Myers,CIN,WR,28.0,5.0,0.0,0.0,0.0,0.0,7.0,11.0,0.0,0.0,0.0,0.0,0.0,0.0,0.0,0.0,77.0,0.0,14.7,0,77,0.0,0.0,0.0,15.4,15.4,0.0,0.0,0.0,0.0,0.0,0.0,0.0,0.0,1.4,0,11.2,2.24
276,Frank Grant,WAS,WR,23.0,13.0,0.0,0.0,0.0,0.0,1.0,12.0,0.0,0.0,0.0,0.0,0.0,0.0,0.0,0.0,12.0,1.0,8.2,0,12,1.0,0.0,0.0,0.9230769230769232,0.9230769230769232,0.0,0.0,0.07692307692307693,0.07692307692307693,0.0,0.0,0.0,0.0,0.07692307692307693,0,7.7,0.5923076923076923
277,Gary Kosins,CHI,RB,24.0,12.0,0.0,0.0,0.0,0.0,4.0,2.0,0.0,0.0,0.0,0.0,0.0,65.0,0.0,24.0,8.0,0.0,11.3,0,73,0.0,0.0,5.416666666666668,0.6666666666666666,6.083333333333332,0.0,0.0,0.0,0.0,2.708333333333333,0.0,0.0,0.0,0.3333333333333333,0,9.3,0.775
278,Willie McGee,SDG,WR,23.0,11.0,0.0,0.0,0.0,0.0,3.0,22.33,4.0,0.0,0.0,0.0,0.0,0.0,0.0,0.0,67.0,0.0,1.6999999999999993,0,67,0.0,0.0,0.0,6.090909090909091,6.090909090909091,0.0,0.0,0.0,0.0,0.0,0.0,0.0,0.0,0.2727272727272727,0,8.2,0.7454545454545454
279,Robert West,KAN,WR,23.0,8.0,0.0,0.0,0.0,0.0,4.0,16.25,0.0,0.0,0.0,0.0,0.0,0.0,0.0,0.0,65.0,0.0,10.5,0,65,0.0,0.0,0.0,8.125,8.125,0.0,0.0,0.0,0.0,0.0,0.0,0.0,0.0,0.5,0,8.5,1.0625
280,John Andrews,BAL,TE,25.0,8.0,0.0,0.0,0.0,0.0,1.0,1.0,0.0,0.0,0.0,0.0,0.0,0.0,0.0,0.0,1.0,1.0,7.1,0,1,1.0,0.0,0.0,0.125,0.125,0.0,0.0,0.125,0.125,0.0,0.0,0.0,0.0,0.125,0,6.6,0.825
281,Chip Glass,CLE,TE,26.0,12.0,0.0,0.0,0.0,0.0,2.0,30.0,0.0,0.0,0.0,0.0,0.0,0.0,0.0,0.0,60.0,0.0,8.0,0,60,0.0,0.0,0.0,5.0,5.0,0.0,0.0,0.0,0.0,0.0,0.0,0.0,0.0,0.16666666666666666,0,7.0,0.5833333333333334
282,James Harris,RAM,QB,26.0,8.0,7.0,11.0,68.0,0.0,0.0,0.0,0.0,0.0,68.0,0.0,11.0,29.0,0.0,4.0,0.0,0.0,5.62,0,29,0.0,8.5,3.625,0.0,3.625,0.0,0.0,0.0,0.0,7.25,0.6363636363636364,9.714285714285714,6.1818181818181825,0.0,0,5.62,0.7025
283,Lewis Jolley,HOU,RB,24.0,10.0,0.0,0.0,0.0,0.0,3.0,18.67,2.0,0.0,0.0,0.0,0.0,6.0,0.0,7.0,56.0,0.0,5.199999999999998,0,62,0.0,0.0,0.6,5.6,6.2,0.0,0.0,0.0,0.0,0.8571428571428571,0.0,0.0,0.0,0.3,0,7.699999999999998,0.7699999999999999
284,Billy Masters,DEN,TE,29.0,11.0,0.0,0.0,0.0,0.0,5.0,13.0,1.0,0.0,0.0,0.0,0.0,-9.0,0.0,1.0,65.0,0.0,8.6,0,56,0.0,0.0,-0.8181818181818182,5.909090909090909,5.090909090909091,0.0,0.0,0.0,0.0,-9.0,0.0,0.0,0.0,0.4545454545454545,0,8.1,0.7363636363636363
285,Mickey Zofko,DET,RB,24.0,8.0,1.0,1.0,35.0,0.0,2.0,8.0,0.0,0.0,35.0,0.0,1.0,33.0,0.0,11.0,16.0,0.0,8.3,0,49,0.0,4.375,4.125,2.0,6.125,0.0,0.0,0.0,0.0,3.0,1.0,35.0,35.0,0.25,0,7.299999999999999,0.9125
286,Bob Berry,MIN,QB,31.0,6.0,10.0,24.0,121.0,2.0,0.0,0.0,0.0,0.0,121.0,1.0,24.0,5.0,0.0,2.0,0.0,0.0,5.34,0,5,0.0,20.166666666666668,0.8333333333333334,0.0,0.8333333333333334,0.16666666666666666,0.0,0.0,0.0,2.5,0.4166666666666667,12.1,5.041666666666667,0.0,0,5.34,0.89
287,Hubert Ginn,2TM,RB,26.0,12.0,0.0,0.0,0.0,0.0,3.0,0.67,0.0,0.0,0.0,0.0,0.0,47.0,0.0,16.0,2.0,0.0,7.9,0,49,0.0,0.0,3.9166666666666665,0.16666666666666666,4.083333333333333,0.0,0.0,0.0,0.0,2.9375,0.0,0.0,0.0,0.25,0,6.4,0.5333333333333333
288,Gary Hammond,STL,WR,24.0,9.0,0.0,1.0,0.0,0.0,4.0,9.75,3.0,0.0,0.0,0.0,1.0,11.0,0.0,4.0,39.0,0.0,3.0,0,50,0.0,0.0,1.2222222222222223,4.333333333333333,5.5555555555555545,0.0,0.0,0.0,0.0,2.75,0.0,0.0,0.0,0.4444444444444444,0,7.0,0.7777777777777778
289,Don Horn,CLE,QB,28.0,14.0,4.0,8.0,22.0,0.0,0.0,0.0,0.0,0.0,22.0,1.0,8.0,0.0,0.0,0.0,0.0,0.0,4.88,0,0,0.0,1.5714285714285714,0.0,0.0,0.0,0.07142857142857142,0.0,0.0,0.0,0.0,0.5,5.5,2.75,0.0,0,4.88,0.3485714285714286
290,Ron Sellers,MIA,WR,26.0,3.0,0.0,0.0,0.0,0.0,2.0,27.0,1.0,0.0,0.0,0.0,0.0,0.0,0.0,0.0,54.0,0.0,5.4,0,54,0.0,0.0,0.0,18.0,18.0,0.0,0.0,0.0,0.0,0.0,0.0,0.0,0.0,0.6666666666666666,0,6.4,2.1333333333333333
291,Doug Winslow,NOR,WR,22.0,12.0,0.0,0.0,0.0,0.0,4.0,11.25,0.0,0.0,0.0,0.0,0.0,0.0,0.0,0.0,45.0,0.0,8.5,0,45,0.0,0.0,0.0,3.75,3.75,0.0,0.0,0.0,0.0,0.0,0.0,0.0,0.0,0.3333333333333333,0,6.5,0.5416666666666666
292,Andy Hamilton,KAN,WR,23.0,5.0,0.0,0.0,0.0,0.0,2.0,17.5,0.0,0.0,0.0,0.0,0.0,0.0,0.0,0.0,35.0,0.0,5.5,0,35,0.0,0.0,0.0,7.0,7.0,0.0,0.0,0.0,0.0,0.0,0.0,0.0,0.0,0.4,0,4.5,0.9
293,Eddie Moss,STL,RB,25.0,5.0,0.0,0.0,0.0,0.0,0.0,0.0,2.0,0.0,0.0,0.0,0.0,41.0,0.0,14.0,0.0,0.0,0.09999999999999963,0,41,0.0,0.0,8.2,0.0,8.2,0.0,0.0,0.0,0.0,2.9285714285714284,0.0,0.0,0.0,0.0,0,4.1,0.82
294,Dennis Shaw,BUF,QB,26.0,4.0,22.0,46.0,300.0,4.0,0.0,0.0,2.0,0.0,300.0,0.0,46.0,2.0,0.0,4.0,0.0,0.0,0.20000000000000012,0,2,0.0,75.0,0.5,0.0,0.5,0.0,0.0,0.0,0.0,0.5,0.4782608695652174,13.636363636363635,6.521739130434782,0.0,0,4.199999999999998,1.0499999999999998
295,Bill Thomas,HOU,RB,24.0,6.0,0.0,0.0,0.0,0.0,1.0,4.0,0.0,0.0,0.0,0.0,0.0,39.0,0.0,10.0,4.0,0.0,5.3,0,43,0.0,0.0,6.5,0.6666666666666666,7.166666666666668,0.0,0.0,0.0,0.0,3.9,0.0,0.0,0.0,0.16666666666666666,0,4.8,0.7999999999999999
296,Joe Wilson,CIN,RB,23.0,13.0,0.0,0.0,0.0,0.0,0.0,0.0,0.0,0.0,0.0,0.0,0.0,39.0,0.0,10.0,0.0,0.0,3.9,0,39,0.0,0.0,3.0,0.0,3.0,0.0,0.0,0.0,0.0,3.9,0.0,0.0,0.0,0.0,0,3.9,0.3
297,Len Garrett,2TM,TE,26.0,14.0,0.0,0.0,0.0,0.0,2.0,15.0,0.0,0.0,0.0,0.0,0.0,0.0,0.0,0.0,30.0,0.0,5.0,0,30,0.0,0.0,0.0,2.142857142857143,2.142857142857143,0.0,0.0,0.0,0.0,0.0,0.0,0.0,0.0,0.14285714285714285,0,4.0,0.2857142857142857
298,Tim George,CIN,WR,22.0,12.0,0.0,0.0,0.0,0.0,2.0,14.0,0.0,0.0,0.0,0.0,0.0,0.0,0.0,0.0,28.0,0.0,4.8,0,28,0.0,0.0,0.0,2.333333333333333,2.333333333333333,0.0,0.0,0.0,0.0,0.0,0.0,0.0,0.0,0.16666666666666666,0,3.8,0.31666666666666665
299,Steve Holden,CLE,WR,22.0,11.0,0.0,0.0,0.0,0.0,3.0,9.0,2.0,0.0,0.0,0.0,0.0,0.0,0.0,0.0,27.0,0.0,1.7000000000000002,0,27,0.0,0.0,0.0,2.4545454545454546,2.4545454545454546,0.0,0.0,0.0,0.0,0.0,0.0,0.0,0.0,0.2727272727272727,0,4.2,0.3818181818181817
300,Randy Jackson,SFO,RB,25.0,2.0,0.0,0.0,0.0,0.0,1.0,20.0,0.0,0.0,0.0,0.0,0.0,10.0,0.0,6.0,20.0,0.0,4.0,0,30,0.0,0.0,5.0,10.0,15.0,0.0,0.0,0.0,0.0,1.6666666666666667,0.0,0.0,0.0,0.5,0,3.5,1.75
301,Doug Kingsriter,MIN,TE,23.0,11.0,0.0,0.0,0.0,0.0,2.0,13.5,0.0,0.0,0.0,0.0,0.0,0.0,0.0,0.0,27.0,0.0,4.7,0,27,0.0,0.0,0.0,2.4545454545454546,2.4545454545454546,0.0,0.0,0.0,0.0,0.0,0.0,0.0,0.0,0.18181818181818185,0,3.7,0.3363636363636364
302,Jim Lash,MIN,WR,22.0,9.0,0.0,0.0,0.0,0.0,2.0,17.0,0.0,0.0,0.0,0.0,0.0,0.0,0.0,0.0,34.0,0.0,5.4,0,34,0.0,0.0,0.0,3.7777777777777777,3.7777777777777777,0.0,0.0,0.0,0.0,0.0,0.0,0.0,0.0,0.2222222222222222,0,4.4,0.4888888888888889
303,Bob McCall,NWE,RB,23.0,8.0,0.0,0.0,0.0,0.0,3.0,6.0,4.0,0.0,0.0,0.0,0.0,15.0,0.0,10.0,18.0,0.0,-1.7000000000000002,0,33,0.0,0.0,1.875,2.25,4.125,0.0,0.0,0.0,0.0,1.5,0.0,0.0,0.0,0.375,0,4.8,0.6
304,Larry Mialik,ATL,TE,23.0,14.0,0.0,0.0,0.0,0.0,2.0,15.0,0.0,0.0,0.0,0.0,0.0,0.0,0.0,0.0,30.0,0.0,5.0,0,30,0.0,0.0,0.0,2.142857142857143,2.142857142857143,0.0,0.0,0.0,0.0,0.0,0.0,0.0,0.0,0.14285714285714285,0,4.0,0.2857142857142857
305,Earl Morrall,MIA,QB,39.0,14.0,17.0,38.0,253.0,4.0,0.0,0.0,0.0,0.0,253.0,0.0,38.0,9.0,0.0,1.0,0.0,0.0,3.0199999999999987,0,9,0.0,18.071428571428573,0.6428571428571429,0.0,0.6428571428571429,0.0,0.0,0.0,0.0,9.0,0.4473684210526316,14.882352941176471,6.657894736842105,0.0,0,3.02,0.2157142857142857
306,Reggie Sanderson,CHI,RB,23.0,2.0,0.0,0.0,0.0,0.0,5.0,4.6,0.0,0.0,0.0,0.0,0.0,8.0,0.0,3.0,23.0,0.0,8.1,0,31,0.0,0.0,4.0,11.5,15.5,0.0,0.0,0.0,0.0,2.6666666666666665,0.0,0.0,0.0,2.5,0,5.6,2.8
307,Ollie Smith,BAL,WR,24.0,7.0,0.0,0.0,0.0,0.0,1.0,37.0,1.0,0.0,0.0,0.0,0.0,-3.0,0.0,1.0,37.0,0.0,2.4000000000000004,0,34,0.0,0.0,-0.42857142857142855,5.285714285714286,4.857142857142857,0.0,0.0,0.0,0.0,-3.0,0.0,0.0,0.0,0.14285714285714285,0,3.9,0.5571428571428572
308,Paul Staroba,GNB,WR,24.0,2.0,0.0,0.0,0.0,0.0,1.0,23.0,0.0,0.0,0.0,0.0,0.0,11.0,0.0,1.0,23.0,0.0,4.4,0,34,0.0,0.0,5.5,11.5,17.0,0.0,0.0,0.0,0.0,11.0,0.0,0.0,0.0,0.5,0,3.9,1.95
309,Howard Twilley,MIA,WR,30.0,6.0,0.0,0.0,0.0,0.0,2.0,15.0,0.0,0.0,0.0,0.0,0.0,0.0,0.0,0.0,30.0,0.0,5.0,0,30,0.0,0.0,0.0,5.0,5.0,0.0,0.0,0.0,0.0,0.0,0.0,0.0,0.0,0.3333333333333333,0,4.0,0.6666666666666666
310,Pete Van Valkenberg,BUF,RB,23.0,13.0,0.0,0.0,0.0,0.0,1.0,7.0,0.0,0.0,0.0,0.0,0.0,20.0,0.0,2.0,7.0,0.0,3.7,0,27,0.0,0.0,1.5384615384615383,0.5384615384615384,2.0769230769230766,0.0,0.0,0.0,0.0,10.0,0.0,0.0,0.0,0.07692307692307693,0,3.2,0.24615384615384614
311,Rhett Dawson,MIN,WR,25.0,2.0,0.0,0.0,0.0,0.0,2.0,12.0,0.0,0.0,0.0,0.0,0.0,0.0,0.0,0.0,24.0,0.0,4.4,0,24,0.0,0.0,0.0,12.0,12.0,0.0,0.0,0.0,0.0,0.0,0.0,0.0,0.0,1.0,0,3.4,1.7
312,Marv Fleming,MIA,TE,31.0,11.0,0.0,0.0,0.0,0.0,3.0,7.33,0.0,0.0,0.0,0.0,0.0,0.0,0.0,0.0,22.0,0.0,5.2,0,22,0.0,0.0,0.0,2.0,2.0,0.0,0.0,0.0,0.0,0.0,0.0,0.0,0.0,0.2727272727272727,0,3.7,0.3363636363636364
313,Dick Gordon,2TM,WR,29.0,7.0,0.0,0.0,0.0,0.0,0.0,0.0,0.0,0.0,0.0,0.0,0.0,15.0,0.0,2.0,0.0,0.0,1.5,0,15,0.0,0.0,2.142857142857143,0.0,2.142857142857143,0.0,0.0,0.0,0.0,7.5,0.0,0.0,0.0,0.0,0,1.5,0.21428571428571427
314,Sam Havrilak,BAL,WR,26.0,14.0,0.0,0.0,0.0,0.0,1.0,9.0,0.0,0.0,0.0,0.0,0.0,9.0,0.0,2.0,9.0,0.0,2.8,0,18,0.0,0.0,0.6428571428571429,0.6428571428571429,1.2857142857142858,0.0,0.0,0.0,0.0,4.5,0.0,0.0,0.0,0.07142857142857142,0,2.3,0.16428571428571428
315,Odell Lawson,NOR,RB,25.0,12.0,0.0,0.0,0.0,0.0,2.0,-2.5,0.0,0.0,0.0,0.0,0.0,23.0,0.0,6.0,-5.0,0.0,3.8,0,18,0.0,0.0,1.9166666666666667,-0.4166666666666667,1.5,0.0,0.0,0.0,0.0,3.8333333333333335,0.0,0.0,0.0,0.16666666666666666,0,2.8,0.2333333333333333
316,Henry Matthews,2TM,RB,24.0,9.0,0.0,0.0,0.0,0.0,2.0,9.5,0.0,0.0,0.0,0.0,0.0,4.0,0.0,4.0,19.0,0.0,4.3,0,23,0.0,0.0,0.4444444444444444,2.1111111111111107,2.555555555555556,0.0,0.0,0.0,0.0,1.0,0.0,0.0,0.0,0.2222222222222222,0,3.3,0.36666666666666653
317,Lincoln Minor,NOR,RB,23.0,9.0,0.0,0.0,0.0,0.0,1.0,5.0,0.0,0.0,0.0,0.0,0.0,10.0,0.0,3.0,5.0,0.0,2.5,0,15,0.0,0.0,1.1111111111111112,0.5555555555555556,1.6666666666666667,0.0,0.0,0.0,0.0,3.333333333333333,0.0,0.0,0.0,0.1111111111111111,0,2.0,0.2222222222222222
318,Reece Morrison,CIN,RB,28.0,3.0,0.0,0.0,0.0,0.0,1.0,4.0,0.0,0.0,0.0,0.0,0.0,11.0,0.0,3.0,4.0,0.0,2.5,0,15,0.0,0.0,3.6666666666666665,1.3333333333333333,5.0,0.0,0.0,0.0,0.0,3.6666666666666665,0.0,0.0,0.0,0.3333333333333333,0,2.0,0.6666666666666666
319,Herb Mul-Key,WAS,RB,24.0,14.0,0.0,0.0,0.0,0.0,0.0,0.0,4.0,0.0,0.0,0.0,0.0,20.0,0.0,8.0,0.0,0.0,-6.0,0,20,0.0,0.0,1.4285714285714286,0.0,1.4285714285714286,0.0,0.0,0.0,0.0,2.5,0.0,0.0,0.0,0.0,0,2.0,0.14285714285714285
320,Greg Oliver,PHI,RB,24.0,11.0,0.0,0.0,0.0,0.0,1.0,9.0,0.0,0.0,0.0,0.0,0.0,6.0,0.0,1.0,9.0,0.0,2.5,0,15,0.0,0.0,0.5454545454545454,0.8181818181818182,1.3636363636363635,0.0,0.0,0.0,0.0,6.0,0.0,0.0,0.0,0.09090909090909093,0,2.0,0.18181818181818185
321,Cyril Pinder,DAL,RB,27.0,5.0,0.0,0.0,0.0,0.0,0.0,0.0,0.0,0.0,0.0,0.0,0.0,15.0,0.0,12.0,0.0,0.0,1.5,0,15,0.0,0.0,3.0,0.0,3.0,0.0,0.0,0.0,0.0,1.25,0.0,0.0,0.0,0.0,0,1.5,0.3
322,Larry Robinson,DAL,RB,22.0,4.0,0.0,0.0,0.0,0.0,0.0,0.0,1.0,0.0,0.0,0.0,0.0,17.0,0.0,2.0,0.0,0.0,-0.30000000000000004,0,17,0.0,0.0,4.25,0.0,4.25,0.0,0.0,0.0,0.0,8.5,0.0,0.0,0.0,0.0,0,1.7,0.425
323,Oliver Ross,DEN,RB,24.0,4.0,0.0,0.0,0.0,0.0,0.0,0.0,0.0,0.0,0.0,0.0,0.0,21.0,0.0,5.0,0.0,0.0,2.1,0,21,0.0,0.0,5.25,0.0,5.25,0.0,0.0,0.0,0.0,4.2,0.0,0.0,0.0,0.0,0,2.1,0.525
324,Dave Smith,KAN,WR,26.0,2.0,0.0,0.0,0.0,0.0,2.0,10.0,0.0,0.0,0.0,0.0,0.0,0.0,0.0,0.0,20.0,0.0,4.0,0,20,0.0,0.0,0.0,10.0,10.0,0.0,0.0,0.0,0.0,0.0,0.0,0.0,0.0,1.0,0,3.0,1.5
325,Claxton Welch,NWE,RB,26.0,2.0,0.0,0.0,0.0,0.0,6.0,3.67,1.0,0.0,0.0,0.0,0.0,-2.0,0.0,1.0,22.0,0.0,5.999999999999999,0,20,0.0,0.0,-1.0,11.0,10.0,0.0,0.0,0.0,0.0,-2.0,0.0,0.0,0.0,3.0,0,5.0,2.5
326,Dave Davis,PIT,WR,25.0,2.0,0.0,0.0,0.0,0.0,1.0,14.0,0.0,0.0,0.0,0.0,0.0,0.0,0.0,0.0,14.0,0.0,2.4,0,14,0.0,0.0,0.0,7.0,7.0,0.0,0.0,0.0,0.0,0.0,0.0,0.0,0.0,0.5,0,1.9,0.95
327,Stan Davis,PHI,WR,23.0,8.0,0.0,0.0,0.0,0.0,1.0,6.0,1.0,0.0,0.0,0.0,0.0,0.0,0.0,0.0,6.0,0.0,-0.3999999999999999,0,6,0.0,0.0,0.0,0.75,0.75,0.0,0.0,0.0,0.0,0.0,0.0,0.0,0.0,0.125,0,1.1,0.1375
328,Mike Donohoe,GNB,TE,28.0,13.0,0.0,0.0,0.0,0.0,1.0,10.0,0.0,0.0,0.0,0.0,0.0,0.0,0.0,0.0,10.0,0.0,2.0,0,10,0.0,0.0,0.0,0.7692307692307693,0.7692307692307693,0.0,0.0,0.0,0.0,0.0,0.0,0.0,0.0,0.07692307692307693,0,1.5,0.1153846153846154
329,Don Highsmith,GNB,RB,25.0,7.0,0.0,0.0,0.0,0.0,0.0,0.0,1.0,0.0,0.0,0.0,0.0,7.0,0.0,7.0,0.0,0.0,-1.3,0,7,0.0,0.0,1.0,0.0,1.0,0.0,0.0,0.0,0.0,1.0,0.0,0.0,0.0,0.0,0,0.7,0.1
330,Bob Hudson,OAK,RB,25.0,14.0,0.0,0.0,0.0,0.0,1.0,9.0,0.0,0.0,0.0,0.0,0.0,3.0,0.0,4.0,9.0,0.0,2.2,0,12,0.0,0.0,0.21428571428571427,0.6428571428571429,0.8571428571428571,0.0,0.0,0.0,0.0,0.75,0.0,0.0,0.0,0.07142857142857142,0,1.7,0.12142857142857146
331,Ray Jarvis,BUF,WR,24.0,12.0,0.0,0.0,0.0,0.0,1.0,12.0,0.0,0.0,0.0,0.0,0.0,0.0,0.0,0.0,12.0,0.0,2.2,0,12,0.0,0.0,0.0,1.0,1.0,0.0,0.0,0.0,0.0,0.0,0.0,0.0,0.0,0.08333333333333333,0,1.7,0.14166666666666666
332,Steve Jones,BUF,RB,22.0,11.0,0.0,0.0,0.0,0.0,0.0,0.0,0.0,0.0,0.0,0.0,0.0,9.0,0.0,3.0,0.0,0.0,0.9,0,9,0.0,0.0,0.8181818181818182,0.0,0.8181818181818182,0.0,0.0,0.0,0.0,3.0,0.0,0.0,0.0,0.0,0,0.9,0.08181818181818183
333,Larry Krause,GNB,RB,25.0,14.0,0.0,0.0,0.0,0.0,0.0,0.0,1.0,0.0,0.0,0.0,0.0,8.0,0.0,1.0,0.0,0.0,-1.2,0,8,0.0,0.0,0.5714285714285714,0.0,0.5714285714285714,0.0,0.0,0.0,0.0,8.0,0.0,0.0,0.0,0.0,0,0.8,0.05714285714285715
334,Jim McFarland,STL,TE,26.0,14.0,0.0,0.0,0.0,0.0,2.0,5.0,0.0,0.0,0.0,0.0,0.0,0.0,0.0,0.0,10.0,0.0,3.0,0,10,0.0,0.0,0.0,0.7142857142857143,0.7142857142857143,0.0,0.0,0.0,0.0,0.0,0.0,0.0,0.0,0.14285714285714285,0,2.0,0.14285714285714285
335,Warren McVea,KAN,RB,27.0,7.0,0.0,0.0,0.0,0.0,0.0,0.0,1.0,0.0,0.0,0.0,0.0,5.0,0.0,4.0,0.0,0.0,-1.5,0,5,0.0,0.0,0.7142857142857143,0.0,0.7142857142857143,0.0,0.0,0.0,0.0,1.25,0.0,0.0,0.0,0.0,0,0.5,0.07142857142857142
336,Jim O'Brien,DET,WR,26.0,10.0,0.0,0.0,0.0,0.0,2.0,7.0,0.0,0.0,0.0,0.0,0.0,0.0,0.0,0.0,14.0,0.0,3.4,0,14,0.0,0.0,0.0,1.4,1.4,0.0,0.0,0.0,0.0,0.0,0.0,0.0,0.0,0.2,0,2.4,0.24
337,Jack Rizzo,NYG,RB,24.0,6.0,0.0,0.0,0.0,0.0,1.0,11.0,0.0,0.0,0.0,0.0,0.0,3.0,0.0,1.0,11.0,0.0,2.4,0,14,0.0,0.0,0.5,1.8333333333333333,2.333333333333333,0.0,0.0,0.0,0.0,3.0,0.0,0.0,0.0,0.16666666666666666,0,1.9,0.3166666666666667
338,Rod Sherman,RAM,WR,29.0,3.0,0.0,0.0,0.0,0.0,1.0,8.0,0.0,0.0,0.0,0.0,0.0,0.0,0.0,0.0,8.0,0.0,1.8,0,8,0.0,0.0,0.0,2.6666666666666665,2.6666666666666665,0.0,0.0,0.0,0.0,0.0,0.0,0.0,0.0,0.3333333333333333,0,1.3,0.43333333333333335
339,Rocky Thompson,NYG,RB,26.0,1.0,0.0,0.0,0.0,0.0,0.0,0.0,0.0,0.0,0.0,0.0,0.0,5.0,0.0,5.0,0.0,0.0,0.5,0,5,0.0,0.0,5.0,0.0,5.0,0.0,0.0,0.0,0.0,1.0,0.0,0.0,0.0,0.0,0,0.5,0.5
340,Dick Witcher,SFO,WR,29.0,14.0,0.0,0.0,0.0,0.0,1.0,13.0,0.0,0.0,0.0,0.0,0.0,0.0,0.0,0.0,13.0,0.0,2.3,0,13,0.0,0.0,0.0,0.9285714285714286,0.9285714285714286,0.0,0.0,0.0,0.0,0.0,0.0,0.0,0.0,0.07142857142857142,0,1.8,0.1285714285714286
341,Warren Bankston,OAK,0,26.0,11.0,0.0,0.0,0.0,0.0,0.0,0.0,0.0,0.0,0.0,0.0,0.0,0.0,0.0,0.0,0.0,0.0,0.0,0,0,0.0,0.0,0.0,0.0,0.0,0.0,0.0,0.0,0.0,0.0,0.0,0.0,0.0,0.0,0,0.0,0.0
342,Jim Beirne,HOU,0,27.0,1.0,0.0,0.0,0.0,0.0,0.0,0.0,0.0,0.0,0.0,0.0,0.0,0.0,0.0,0.0,0.0,0.0,0.0,0,0,0.0,0.0,0.0,0.0,0.0,0.0,0.0,0.0,0.0,0.0,0.0,0.0,0.0,0.0,0,0.0,0.0
343,Ed Beverly,SFO,0,24.0,2.0,0.0,0.0,0.0,0.0,0.0,0.0,0.0,0.0,0.0,0.0,0.0,0.0,0.0,0.0,0.0,0.0,0.0,0,0,0.0,0.0,0.0,0.0,0.0,0.0,0.0,0.0,0.0,0.0,0.0,0.0,0.0,0.0,0,0.0,0.0
344,Rocky Bleier,PIT,RB,27.0,12.0,0.0,0.0,0.0,0.0,0.0,0.0,2.0,0.0,0.0,0.0,0.0,0.0,0.0,3.0,0.0,0.0,-4.0,0,0,0.0,0.0,0.0,0.0,0.0,0.0,0.0,0.0,0.0,0.0,0.0,0.0,0.0,0.0,0,0.0,0.0
345,Bob Brunet,WAS,RB,27.0,14.0,0.0,0.0,0.0,0.0,0.0,0.0,0.0,0.0,0.0,0.0,0.0,4.0,0.0,2.0,0.0,0.0,0.4,0,4,0.0,0.0,0.2857142857142857,0.0,0.2857142857142857,0.0,0.0,0.0,0.0,2.0,0.0,0.0,0.0,0.0,0,0.4,0.028571428571428574
346,Cullen Bryant,RAM,0,22.0,13.0,0.0,0.0,0.0,0.0,0.0,0.0,0.0,0.0,0.0,0.0,0.0,0.0,0.0,0.0,0.0,0.0,0.0,0,0,0.0,0.0,0.0,0.0,0.0,0.0,0.0,0.0,0.0,0.0,0.0,0.0,0.0,0.0,0,0.0,0.0
347,Dennis Cambal,NYJ,0,24.0,8.0,0.0,0.0,0.0,0.0,0.0,0.0,0.0,0.0,0.0,0.0,0.0,0.0,0.0,0.0,0.0,0.0,0.0,0,0,0.0,0.0,0.0,0.0,0.0,0.0,0.0,0.0,0.0,0.0,0.0,0.0,0.0,0.0,0,0.0,0.0
348,Al Chandler,CIN,0,23.0,13.0,0.0,0.0,0.0,0.0,0.0,0.0,0.0,0.0,0.0,0.0,0.0,0.0,0.0,0.0,0.0,0.0,0.0,0,0,0.0,0.0,0.0,0.0,0.0,0.0,0.0,0.0,0.0,0.0,0.0,0.0,0.0,0.0,0,0.0,0.0
349,Greg Cook,CIN,QB,27.0,1.0,1.0,3.0,11.0,0.0,0.0,0.0,0.0,0.0,11.0,0.0,3.0,0.0,0.0,0.0,0.0,0.0,0.44,0,0,0.0,11.0,0.0,0.0,0.0,0.0,0.0,0.0,0.0,0.0,0.3333333333333333,11.0,3.6666666666666665,0.0,0,0.44,0.44
350,Nate Dorsey,NWE,0,23.0,2.0,0.0,0.0,0.0,0.0,0.0,0.0,0.0,0.0,0.0,0.0,0.0,0.0,0.0,0.0,0.0,0.0,0.0,0,0,0.0,0.0,0.0,0.0,0.0,0.0,0.0,0.0,0.0,0.0,0.0,0.0,0.0,0.0,0,0.0,0.0
351,Brian Dowling,NWE,0,26.0,11.0,0.0,0.0,0.0,0.0,0.0,0.0,0.0,0.0,0.0,0.0,0.0,0.0,0.0,0.0,0.0,0.0,0.0,0,0,0.0,0.0,0.0,0.0,0.0,0.0,0.0,0.0,0.0,0.0,0.0,0.0,0.0,0.0,0,0.0,0.0
352,Mike Ernst,CIN,0,23.0,1.0,0.0,0.0,0.0,0.0,0.0,0.0,0.0,0.0,0.0,0.0,0.0,0.0,0.0,0.0,0.0,0.0,0.0,0,0,0.0,0.0,0.0,0.0,0.0,0.0,0.0,0.0,0.0,0.0,0.0,0.0,0.0,0.0,0,0.0,0.0
353,Wallace Francis,BUF,0,22.0,12.0,0.0,0.0,0.0,0.0,0.0,0.0,1.0,0.0,0.0,0.0,0.0,0.0,0.0,0.0,0.0,0.0,-2.0,0,0,0.0,0.0,0.0,0.0,0.0,0.0,0.0,0.0,0.0,0.0,0.0,0.0,0.0,0.0,0,0.0,0.0
354,Tom Gatewood,NYG,0,23.0,7.0,0.0,0.0,0.0,0.0,0.0,0.0,0.0,0.0,0.0,0.0,0.0,0.0,0.0,0.0,0.0,0.0,0.0,0,0,0.0,0.0,0.0,0.0,0.0,0.0,0.0,0.0,0.0,0.0,0.0,0.0,0.0,0.0,0,0.0,0.0
355,Paul Gipson,NWE,RB,27.0,5.0,0.0,0.0,0.0,0.0,0.0,0.0,1.0,0.0,0.0,0.0,0.0,-1.0,0.0,5.0,0.0,0.0,-2.1,0,-1,0.0,0.0,-0.2,0.0,-0.2,0.0,0.0,0.0,0.0,-0.2,0.0,0.0,0.0,0.0,0,-0.1,-0.02
356,Edd Hargett,HOU,0,26.0,5.0,0.0,0.0,0.0,0.0,0.0,0.0,0.0,0.0,0.0,0.0,0.0,0.0,0.0,0.0,0.0,0.0,0.0,0,0,0.0,0.0,0.0,0.0,0.0,0.0,0.0,0.0,0.0,0.0,0.0,0.0,0.0,0.0,0,0.0,0.0
357,Leo Hayden,STL,0,25.0,2.0,0.0,0.0,0.0,0.0,0.0,0.0,0.0,0.0,0.0,0.0,0.0,0.0,0.0,0.0,0.0,0.0,0.0,0,0,0.0,0.0,0.0,0.0,0.0,0.0,0.0,0.0,0.0,0.0,0.0,0.0,0.0,0.0,0,0.0,0.0
358,Mike Hull,WAS,RB,28.0,13.0,0.0,0.0,0.0,0.0,0.0,0.0,0.0,0.0,0.0,0.0,0.0,-3.0,0.0,2.0,0.0,0.0,-0.3,0,-3,0.0,0.0,-0.2307692307692308,0.0,-0.2307692307692308,0.0,0.0,0.0,0.0,-1.5,0.0,0.0,0.0,0.0,0,-0.3,-0.023076923076923075
359,Fred Hyatt,2TM,0,27.0,2.0,0.0,0.0,0.0,0.0,0.0,0.0,0.0,0.0,0.0,0.0,0.0,0.0,0.0,0.0,0.0,0.0,0.0,0,0,0.0,0.0,0.0,0.0,0.0,0.0,0.0,0.0,0.0,0.0,0.0,0.0,0.0,0.0,0,0.0,0.0
360,Dave Juenger,CHI,0,22.0,1.0,0.0,0.0,0.0,0.0,0.0,0.0,0.0,0.0,0.0,0.0,0.0,0.0,0.0,0.0,0.0,0.0,0.0,0,0,0.0,0.0,0.0,0.0,0.0,0.0,0.0,0.0,0.0,0.0,0.0,0.0,0.0,0.0,0,0.0,0.0
361,Mike Kelly,NOR,0,25.0,1.0,0.0,0.0,0.0,0.0,0.0,0.0,0.0,0.0,0.0,0.0,0.0,0.0,0.0,0.0,0.0,0.0,0.0,0,0,0.0,0.0,0.0,0.0,0.0,0.0,0.0,0.0,0.0,0.0,0.0,0.0,0.0,0.0,0,0.0,0.0
362,Ted Koy,BUF,0,26.0,13.0,0.0,0.0,0.0,0.0,0.0,0.0,0.0,0.0,0.0,0.0,0.0,0.0,0.0,0.0,0.0,0.0,0.0,0,0,0.0,0.0,0.0,0.0,0.0,0.0,0.0,0.0,0.0,0.0,0.0,0.0,0.0,0.0,0,0.0,0.0
363,Kent Kramer,PHI,0,29.0,11.0,0.0,0.0,0.0,0.0,0.0,0.0,0.0,0.0,0.0,0.0,0.0,0.0,0.0,0.0,0.0,0.0,0.0,0,0,0.0,0.0,0.0,0.0,0.0,0.0,0.0,0.0,0.0,0.0,0.0,0.0,0.0,0.0,0,0.0,0.0
364,Dan Kratzer,KAN,0,24.0,1.0,0.0,0.0,0.0,0.0,0.0,0.0,0.0,0.0,0.0,0.0,0.0,0.0,0.0,0.0,0.0,0.0,0.0,0,0,0.0,0.0,0.0,0.0,0.0,0.0,0.0,0.0,0.0,0.0,0.0,0.0,0.0,0.0,0,0.0,0.0
365,Fran Lynch,DEN,0,28.0,9.0,0.0,0.0,0.0,0.0,0.0,0.0,0.0,0.0,0.0,0.0,0.0,0.0,0.0,0.0,0.0,0.0,0.0,0,0,0.0,0.0,0.0,0.0,0.0,0.0,0.0,0.0,0.0,0.0,0.0,0.0,0.0,0.0,0,0.0,0.0
366,Ron Mayo,HOU,0,23.0,13.0,0.0,0.0,0.0,0.0,0.0,0.0,0.0,0.0,0.0,0.0,0.0,0.0,0.0,0.0,0.0,0.0,0.0,0,0,0.0,0.0,0.0,0.0,0.0,0.0,0.0,0.0,0.0,0.0,0.0,0.0,0.0,0.0,0,0.0,0.0
367,Ron McBride,GNB,0,25.0,1.0,0.0,0.0,0.0,0.0,0.0,0.0,0.0,0.0,0.0,0.0,0.0,0.0,0.0,0.0,0.0,0.0,0.0,0,0,0.0,0.0,0.0,0.0,0.0,0.0,0.0,0.0,0.0,0.0,0.0,0.0,0.0,0.0,0,0.0,0.0
368,Clifton McNeil,HOU,WR,33.0,3.0,0.0,0.0,0.0,0.0,1.0,3.0,0.0,0.0,0.0,0.0,0.0,0.0,0.0,0.0,3.0,0.0,1.3,0,3,0.0,0.0,0.0,1.0,1.0,0.0,0.0,0.0,0.0,0.0,0.0,0.0,0.0,0.3333333333333333,0,0.8,0.26666666666666666
369,Terry Nelson,RAM,0,22.0,2.0,0.0,0.0,0.0,0.0,0.0,0.0,0.0,0.0,0.0,0.0,0.0,0.0,0.0,0.0,0.0,0.0,0.0,0,0,0.0,0.0,0.0,0.0,0.0,0.0,0.0,0.0,0.0,0.0,0.0,0.0,0.0,0.0,0,0.0,0.0
370,Marv Owens,STL,0,23.0,8.0,0.0,0.0,0.0,0.0,0.0,0.0,0.0,0.0,0.0,0.0,0.0,0.0,0.0,0.0,0.0,0.0,0.0,0,0,0.0,0.0,0.0,0.0,0.0,0.0,0.0,0.0,0.0,0.0,0.0,0.0,0.0,0.0,0,0.0,0.0
371,Gary Parris,SDG,0,23.0,9.0,0.0,0.0,0.0,0.0,0.0,0.0,0.0,0.0,0.0,0.0,0.0,0.0,0.0,0.0,0.0,0.0,0.0,0,0,0.0,0.0,0.0,0.0,0.0,0.0,0.0,0.0,0.0,0.0,0.0,0.0,0.0,0.0,0,0.0,0.0
372,Bob Picard,PHI,0,24.0,14.0,0.0,0.0,0.0,0.0,0.0,0.0,0.0,0.0,0.0,0.0,0.0,0.0,0.0,0.0,0.0,0.0,0.0,0,0,0.0,0.0,0.0,0.0,0.0,0.0,0.0,0.0,0.0,0.0,0.0,0.0,0.0,0.0,0,0.0,0.0
373,Jeff Queen,OAK,0,27.0,9.0,0.0,0.0,0.0,0.0,0.0,0.0,0.0,0.0,0.0,0.0,0.0,0.0,0.0,0.0,0.0,0.0,0.0,0,0,0.0,0.0,0.0,0.0,0.0,0.0,0.0,0.0,0.0,0.0,0.0,0.0,0.0,0.0,0,0.0,0.0
374,Bo Rather,MIA,0,23.0,6.0,0.0,0.0,0.0,0.0,0.0,0.0,0.0,0.0,0.0,0.0,0.0,0.0,0.0,0.0,0.0,0.0,0.0,0,0,0.0,0.0,0.0,0.0,0.0,0.0,0.0,0.0,0.0,0.0,0.0,0.0,0.0,0.0,0,0.0,0.0
375,Mike Reppond,CHI,0,22.0,2.0,0.0,0.0,0.0,0.0,0.0,0.0,0.0,0.0,0.0,0.0,0.0,0.0,0.0,0.0,0.0,0.0,0.0,0,0,0.0,0.0,0.0,0.0,0.0,0.0,0.0,0.0,0.0,0.0,0.0,0.0,0.0,0.0,0,0.0,0.0
376,Preston Riley,NOR,0,26.0,1.0,0.0,0.0,0.0,0.0,0.0,0.0,0.0,0.0,0.0,0.0,0.0,0.0,0.0,0.0,0.0,0.0,0.0,0,0,0.0,0.0,0.0,0.0,0.0,0.0,0.0,0.0,0.0,0.0,0.0,0.0,0.0,0.0,0,0.0,0.0
377,Glenn Scolnik,PIT,0,22.0,1.0,0.0,0.0,0.0,0.0,0.0,0.0,0.0,0.0,0.0,0.0,0.0,0.0,0.0,0.0,0.0,0.0,0.0,0,0,0.0,0.0,0.0,0.0,0.0,0.0,0.0,0.0,0.0,0.0,0.0,0.0,0.0,0.0,0,0.0,0.0
378,Ken Smith,CLE,0,22.0,13.0,0.0,0.0,0.0,0.0,0.0,0.0,0.0,0.0,0.0,0.0,0.0,0.0,0.0,0.0,0.0,0.0,0.0,0,0,0.0,0.0,0.0,0.0,0.0,0.0,0.0,0.0,0.0,0.0,0.0,0.0,0.0,0.0,0,0.0,0.0
379,Thomas Smith,MIA,0,24.0,2.0,0.0,0.0,0.0,0.0,0.0,0.0,0.0,0.0,0.0,0.0,0.0,0.0,0.0,0.0,0.0,0.0,0.0,0,0,0.0,0.0,0.0,0.0,0.0,0.0,0.0,0.0,0.0,0.0,0.0,0.0,0.0,0.0,0,0.0,0.0
380,Dave Sullivan,CLE,0,22.0,1.0,0.0,0.0,0.0,0.0,0.0,0.0,0.0,0.0,0.0,0.0,0.0,0.0,0.0,0.0,0.0,0.0,0.0,0,0,0.0,0.0,0.0,0.0,0.0,0.0,0.0,0.0,0.0,0.0,0.0,0.0,0.0,0.0,0,0.0,0.0
381,Joe Sweet,RAM,0,25.0,8.0,0.0,0.0,0.0,0.0,0.0,0.0,0.0,0.0,0.0,0.0,0.0,0.0,0.0,0.0,0.0,0.0,0.0,0,0,0.0,0.0,0.0,0.0,0.0,0.0,0.0,0.0,0.0,0.0,0.0,0.0,0.0,0.0,0,0.0,0.0
382,Speedy Thomas,NOR,0,26.0,6.0,0.0,0.0,0.0,0.0,0.0,0.0,0.0,0.0,0.0,0.0,0.0,0.0,0.0,0.0,0.0,0.0,0.0,0,0,0.0,0.0,0.0,0.0,0.0,0.0,0.0,0.0,0.0,0.0,0.0,0.0,0.0,0.0,0,0.0,0.0
383,Billy Truax,DAL,0,30.0,2.0,0.0,0.0,0.0,0.0,0.0,0.0,0.0,0.0,0.0,0.0,0.0,0.0,0.0,0.0,0.0,0.0,0.0,0,0,0.0,0.0,0.0,0.0,0.0,0.0,0.0,0.0,0.0,0.0,0.0,0.0,0.0,0.0,0,0.0,0.0
384,Bill Cappleman,DET,QB,26.0,7.0,5.0,11.0,33.0,1.0,0.0,0.0,0.0,0.0,33.0,0.0,11.0,-2.0,0.0,1.0,0.0,0.0,-0.8799999999999999,0,-2,0.0,4.714285714285714,-0.2857142857142857,0.0,-0.2857142857142857,0.0,0.0,0.0,0.0,-2.0,0.4545454545454545,6.6,3.0,0.0,0,-0.8799999999999999,-0.1257142857142857
385,John Reaves,PHI,QB,23.0,1.0,5.0,19.0,17.0,1.0,0.0,0.0,1.0,0.0,17.0,0.0,19.0,2.0,0.0,2.0,0.0,0.0,-3.12,0,2,0.0,17.0,2.0,0.0,2.0,0.0,0.0,0.0,0.0,1.0,0.2631578947368421,3.4,0.8947368421052632,0.0,0,-1.12,-1.12
386,Bob Davis,NOR,QB,28.0,2.0,5.0,17.0,14.0,2.0,0.0,0.0,2.0,0.0,14.0,0.0,17.0,10.0,0.0,3.0,0.0,0.0,-6.44,0,10,0.0,7.0,5.0,0.0,5.0,0.0,0.0,0.0,0.0,3.333333333333333,0.29411764705882354,2.8,0.8235294117647058,0.0,0,-2.44,-1.22
387,Bill Demory,NYJ,QB,23.0,6.0,12.0,39.0,159.0,8.0,0.0,0.0,2.0,0.0,159.0,2.0,39.0,-1.0,0.0,4.0,0.0,0.0,-5.74,0,-1,0.0,26.5,-0.16666666666666666,0.0,-0.16666666666666666,0.3333333333333333,0.0,0.0,0.0,-0.25,0.3076923076923077,13.25,4.076923076923077,0.0,0,-1.7399999999999984,-0.28999999999999976
